Participant,Ticks,Device,Method,Size,Trial,Capture,TimeMillis,Offset,Angle,CaptureRatio,MissRatio
P1,635134646181616849,Normal,Clipped,Quarter,0,2,29526.6888,.059,.7688,1.2314,0
P1,635134646553778135,Normal,Clipped,Quarter,1,0,29834.7064,.0492,.9007,1.0861,.0003
P1,635134646984062746,Normal,Clipped,Quarter,1,1,32163.8396,.0169,.9386,1.1361,0
P1,635134647400296554,Normal,Clipped,Quarter,1,2,34338.9641,.047,4.272,1.2335,.0005
P1,635134647755336861,Normal,Clipped,Quarter,2,0,31359.7937,.0258,.8905,1.2751,0
P1,635134648113327337,Normal,Clipped,Quarter,2,1,27279.5603,.0239,4.6021,1.2426,0
P1,635134648399573709,Normal,Clipped,Quarter,2,2,20356.1643,.0532,2.1787,1.145,.0071
P1,635134652488817600,Normal,Clipped,Half,0,0,22843.3065,.1175,1.2218,1.1636,0
P1,635134652832857278,Normal,Clipped,Half,0,1,24807.4189,.0786,.4676,1.2583,0
P1,635134653202218404,Normal,Clipped,Half,0,2,28891.6525,.0657,1.2869,1.0907,.0025
P1,635134653571289514,Normal,Clipped,Half,1,0,29234.6721,.0812,.1336,1.1867,0
P1,635134653844615147,Normal,Clipped,Half,1,1,19688.126,.0416,.6412,1.0968,0
P1,635134654263049081,Normal,Clipped,Half,1,2,24222.3855,.0957,.2406,1.0579,.0146
P1,635134654626249854,Normal,Clipped,Half,2,0,23852.3642,.0771,1.2026,1.1584,.0008
P1,635134654995120953,Normal,Clipped,Half,2,1,27477.5717,.0876,.8833,1.1488,.001
P1,635134655272316807,Normal,Clipped,Half,2,2,22099.264,0,2.0298,1.1526,0
P1,635134658952297290,Normal,Clipped,ThreeQuarters,0,0,26707.5276,.138,2.5508,1.1306,.001
P1,635134659367331029,Normal,Clipped,ThreeQuarters,0,1,35545.0331,.1056,.0676,1.0785,.0053
P1,635134659791325280,Normal,Clipped,ThreeQuarters,0,2,30114.7225,.0381,.1542,1.0825,.0016
P1,635134660181967623,Normal,Clipped,ThreeQuarters,1,0,30111.7223,.191,2.8778,1.1921,0
P1,635134661074048647,Normal,Clipped,ThreeQuarters,1,2,30943.7698,.1234,.2888,1.2039,0
P1,635134661456640530,Normal,Clipped,ThreeQuarters,2,0,31199.7845,.1435,2.0757,1.1447,0
P1,635134661889235273,Normal,Clipped,ThreeQuarters,2,1,29851.7074,.1421,1.3219,1.1609,0
P1,635134662247555768,Normal,Clipped,ThreeQuarters,2,2,28575.6344,.0834,.7827,1.1939,0
P2,635135611696471640,Normal,Clipped,Quarter,0,0,16655.9527,.1058,3.5512,1.4799,0
P2,635135611899903275,Normal,Clipped,Quarter,0,1,13978.7995,.0671,.9833,1.4218,0
P2,635135612134466692,Normal,Clipped,Quarter,0,2,19768.1307,.1135,.2332,1.3277,0
P2,635135612360939645,Normal,Clipped,Quarter,1,0,16078.9196,.0631,3.4125,1.3252,0
P2,635135612652066297,Normal,Clipped,Quarter,1,1,20000.144,.1085,1.93,1.3799,0
P2,635135612880339353,Normal,Clipped,Quarter,1,2,17250.9867,.0349,.9959,1.2562,0
P2,635135613088861280,Normal,Clipped,Quarter,2,0,14799.8465,.0383,1.5261,1.3094,0
P2,635135613359616766,Normal,Clipped,Quarter,2,1,21863.2505,.0716,.9144,1.3522,0
P2,635135613572098920,Normal,Clipped,Quarter,2,2,16530.9456,.0629,2.041,1.4125,0
P2,635135615918563130,Normal,Clipped,Half,0,1,20012.1447,.0516,1.5133,1.0496,.0019
P2,635135616171197580,Normal,Clipped,Half,0,2,19650.124,.0746,.52,1.1035,.0001
P2,635135616415791570,Normal,Clipped,Half,1,0,17194.9835,.0278,.1461,1.1233,0
P2,635135616670836157,Normal,Clipped,Half,1,1,16259.93,.0471,.3979,1.1256,0
P2,635135616883588326,Normal,Clipped,Half,1,2,13890.7945,.0307,.4042,1.1024,0
P2,635135617154273808,Normal,Clipped,Half,2,0,20988.2004,.0204,1.04,1.1625,0
P2,635135617439990150,Normal,Clipped,Half,2,1,24199.3841,.0945,2.5284,1.1279,.003
P2,635135617590588764,Normal,Clipped,Half,2,2,10539.6028,0,.5545,.4434,.5566
P2,635135619560371429,Normal,Clipped,ThreeQuarters,0,0,18447.0551,.1206,.3421,1.1832,0
P2,635135619813255893,Normal,Clipped,ThreeQuarters,0,1,19936.1402,.0383,.3753,1.0841,0
P2,635135620121643532,Normal,Clipped,ThreeQuarters,0,2,23698.3555,.0976,.1646,1.1267,0
P2,635135620324645143,Normal,Clipped,ThreeQuarters,1,0,11447.6548,.1272,.5827,1.1509,0
P2,635135620539927457,Normal,Clipped,ThreeQuarters,1,1,18740.0719,.0518,1.3422,1.1753,0
P2,635135620711087246,Normal,Clipped,ThreeQuarters,1,2,13495.7719,.1694,.1666,1.1863,0
P2,635135620905208349,Normal,Clipped,ThreeQuarters,2,0,15163.8673,.0372,.3729,1.1525,0
P2,635135621084478603,Normal,Clipped,ThreeQuarters,2,1,13818.7904,.0505,.2698,1.1241,0
P2,635135621286240143,Normal,Clipped,ThreeQuarters,2,2,17334.9915,.0447,1.0178,1.1186,0
P3,635135707871232616,Normal,Clipped,Quarter,0,0,21559.2332,.0978,.4855,1.1844,.0084
P3,635135708250034282,Normal,Clipped,Quarter,0,1,27895.5956,.0816,1.3639,1.0986,.0348
P3,635135708620225456,Normal,Clipped,Quarter,0,2,32322.8488,.0797,4.3853,1.3998,0
P3,635135708897551318,Normal,Clipped,Quarter,1,0,23704.3558,.0223,.4069,1.616,0
P3,635135709129624591,Normal,Clipped,Quarter,1,1,17684.0114,.047,2.9654,1.7322,0
P3,635135709324825756,Normal,Clipped,Quarter,1,2,15363.8787,.1044,1.5148,1.3992,0
P3,635135709527147328,Normal,Clipped,Quarter,2,0,12603.7208,.0657,2.9338,1.3414,0
P3,635135709776861611,Normal,Clipped,Quarter,2,1,16099.9208,.0522,1.7385,1.2433,0
P3,635135709989633781,Normal,Clipped,Quarter,2,2,16028.9168,.1054,.5455,1.08,.0331
P3,635135711275727342,Normal,Clipped,Half,0,0,12287.7029,.0792,.3759,1.1507,.0017
P3,635135711502130291,Normal,Clipped,Half,0,1,17841.0204,.0599,.8394,1.2581,0
P3,635135711656069096,Normal,Clipped,Half,0,2,12957.7412,.0346,.5371,1.2039,0
P3,635135711888682401,Normal,Clipped,Half,1,0,19211.0989,.1259,.2564,1.3183,0
P3,635135712032200609,Normal,Clipped,Half,1,1,11527.6593,.0463,.3641,1.1036,0
P3,635135712233202106,Normal,Clipped,Half,1,2,17050.9753,.0965,.758,1.0249,.0148
P3,635135712450844554,Normal,Clipped,Half,2,0,17510.0015,.0743,.8232,1.1391,0
P3,635135712673357281,Normal,Clipped,Half,2,1,20267.1592,.0451,2.3302,1.0285,.0255
P3,635135712805714852,Normal,Clipped,Half,2,2,10663.6099,.0632,1.4754,1.0767,.0038
P3,635135714113349644,Normal,Clipped,ThreeQuarters,0,0,15654.8954,.1033,.2809,1.1917,0
P3,635135714274228846,Normal,Clipped,ThreeQuarters,0,1,12247.7005,.128,1.4255,1.2797,0
P3,635135714506592136,Normal,Clipped,ThreeQuarters,0,2,20886.1946,.0362,.3419,.9971,.0233
P3,635135714704023429,Normal,Clipped,ThreeQuarters,1,0,15814.9046,.0212,2.6692,1.0834,.0103
P3,635135714862222477,Normal,Clipped,ThreeQuarters,1,1,9571.5474,.0156,1.4354,.9837,.036
P3,635135715118747150,Normal,Clipped,ThreeQuarters,1,2,19468.1135,.0776,.1656,1.2161,0
P3,635135715273305990,Normal,Clipped,ThreeQuarters,2,0,11156.6381,.0793,.1605,1.0087,.0254
P3,635135715398143130,Normal,Clipped,ThreeQuarters,2,1,9327.5335,.0825,.4908,1.0992,0
P3,635135715543861465,Normal,Clipped,ThreeQuarters,2,2,11015.6301,.0627,.647,.996,.0301
P4,635138256417378553,Normal,Clipped,Quarter,0,0,22034.2603, ,.4262,1.6922,0
P4,635138256587538286,Normal,Clipped,Quarter,0,1,14670.8392,.1413,.7056,1.6079,0
P4,635138256685303878,Normal,Clipped,Quarter,0,2,7768.4444,9.16,.5978,1.9328,0
P4,635138256832742311,Normal,Clipped,Quarter,1,0,11811.6756, ,.7364,1.4302,0
P4,635138256980580766,Normal,Clipped,Quarter,1,1,10979.628,0,1.0306,1.9359,0
P4,635138257137779758,Normal,Clipped,Quarter,1,2,13451.7694,.1108,5.4615,1.6561,0
P4,635138257262016864,Normal,Clipped,Quarter,2,0,10907.6239,6.7199,4.1077,1.4834,0
P4,635138257383693823,Normal,Clipped,Quarter,2,1,9971.5703,.1168,2.5211,1.821,0
P4,635138257474739031,Normal,Clipped,Quarter,2,2,8000.4576,.1102,2.56,2.7147,0
P4,635138257725093350,Normal,Clipped,Half,0,0,24314.3907,6.9699,1.0147,1.4971,0
P4,635138258039011305,Normal,Clipped,Half,0,1,26639.5237,.1444,.1529,1.3391,0
P4,635138258225171953,Normal,Clipped,Half,0,2,16427.9396, ,.6485,1.1444,1.2999
P4,635138258381210878,Normal,Clipped,Half,1,0,12731.7282,0,1.0926,1.3721,0
P4,635138258555860867,Normal,Clipped,Half,1,1,15144.8662,7.7399,.6024,1.7454,0
P4,635138258741121464,Normal,Clipped,Half,1,2,16674.9538,9.9599,.4754,1.2408,0
P4,635138258899520523,Normal,Clipped,Half,2,0,14026.8022,1.2699,.2253,1.4361,0
P4,635138259039768545,Normal,Clipped,Half,2,1,12263.7014,.1237,0,1.5641,0
P4,635138259299803418,Normal,Clipped,Half,2,2,16184.9257,.17,.8135,1.7242,0
P4,635138260657551077,Normal,Clipped,ThreeQuarters,0,0,13659.7813,.1711,.8881,1.0054,6.56
P4,635138260865712983,Normal,Clipped,ThreeQuarters,0,1,12935.7399,4.12,.7114,1.284,0
P4,635138260982309652,Normal,Clipped,ThreeQuarters,0,2,7996.4574,.1832,.4796,1.2807,0
P4,635138261090225825,Normal,Clipped,ThreeQuarters,1,0,8875.5077,.3715,2.8003,1.4722,.0001
P4,635138261232153942,Normal,Clipped,ThreeQuarters,1,1,11288.6456,8.19,1.3152,1.3479,0
P4,635138261402623693,Normal,Clipped,ThreeQuarters,1,2,13890.7945,.4822,3.951,1.6936,0
P4,635138261669668967,Normal,Clipped,ThreeQuarters,2,0,22700.2984,.3521,1.76,1.3368,0
P4,635138262478305218,Normal,Clipped,ThreeQuarters,2,2,18376.051,.2589,1.5586,1.1878,0
P5,635138938963655738,Normal,Clipped,Half,0,0,27955.599,.2454,.5776,1.7769,0
P5,635138939117254523,Normal,Clipped,Half,0,1,11580.6623, ,1.4676,1.2093,0
P5,635138939249812105,Normal,Clipped,Half,0,2,10395.5946,7.3899,1.319,1.7319,0
P5,635138939380089557,Normal,Clipped,Half,1,0,10987.6285,.2253,.9852,1.5891,0
P5,635138939526087907,Normal,Clipped,Half,1,1,12651.7236, ,.6715,1.4178,0
P5,635138939672526283,Normal,Clipped,Half,1,2,12351.7065,.2878,7.34,1.5427,0
P5,635138939794043233,Normal,Clipped,Half,2,0,10043.5744,.2467,1.7242,1.4508,0
P5,635138940006805403,Normal,Clipped,Half,2,1,19156.0957,.2582,1.1012,1.6816,0
P5,635138940196096230,Normal,Clipped,Half,2,2,16624.9509,.2117,.8887,1.4038,0
P5,635138940497683479,Normal,Clipped,ThreeQuarters,0,0,26911.5392,.2182,.5973,1.4093,0
P5,635138940783919851,Normal,Clipped,ThreeQuarters,0,1,25788.475,.3141,.2713,1.3877,0
P5,635138940981951178,Normal,Clipped,ThreeQuarters,0,2,17222.9851,8.55,.8225,1.24,0
P5,635138941655389696,Normal,Clipped,ThreeQuarters,1,1,17603.0068,9.4799,1.7085,1.2778,0
P5,635138941908084150,Normal,Clipped,ThreeQuarters,1,2,21129.2086,.4399,.1328,1.5911,0
P5,635138942094024785,Normal,Clipped,ThreeQuarters,2,0,15802.9039,.1411,1.076,1.3781,0
P5,635138942295066284,Normal,Clipped,ThreeQuarters,2,1,17608.0071,5.5899,1.5643,1.2979,0
P5,635138942500508034,Normal,Clipped,ThreeQuarters,2,2,17496.0007,.3266,3.9977,1.3904,0
P5,635138942802265294,Normal,Clipped,Quarter,0,0,22647.2954,0,.8945,1.4932,0
P5,635138942988185928,Normal,Clipped,Quarter,0,1,15547.8893,2.8899,1.8556,1.3975,0
P5,635138943292623341,Normal,Clipped,Quarter,0,2,27670.5827,.1348,.234,1.8597,0
P5,635138943451222412,Normal,Clipped,Quarter,1,0,13239.7573, ,0,1.8436,0
P5,635138943644613473,Normal,Clipped,Quarter,1,1,16270.9306,.1178,3.3031,1.4003,0
P5,635138943811092996,Normal,Clipped,Quarter,1,2,13855.7926,0,.9038,1.7103,0
P5,635138943993063404,Normal,Clipped,Quarter,2,0,15448.8837,9.46,1.5925,1.5607,0
P5,635138944360294408,Normal,Clipped,Quarter,2,1,33535.9181,.1327,1.1595,1.7193,0
P5,635138944698013725,Normal,Clipped,Quarter,2,2,30803.7619,.1605,.8385,1.5823,0
P6,"635,139,027,013,072,000.00",Normal,Clipped,ThreeQuarters,0,0,28179.6118,.2949,.6183,1.5193,0
P6,"635,139,027,224,553,980.00",Normal,Clipped,ThreeQuarters,0,1,20226.1568,.1844,.2813,1.274,0
P6,"635,139,027,416,555,010.00",Normal,Clipped,ThreeQuarters,0,2,16023.9165,.1623,.4274,1.26,0
P6,"635,139,027,650,738,940.00",Normal,Clipped,ThreeQuarters,1,0,19918.1393,.3044,.3911,1.5156,0
P6,"635,139,027,807,917,950.00",Normal,Clipped,ThreeQuarters,1,1,14716.8418,7.0499,.2837,1.2075,0
P6,"635,139,027,959,096,060.00",Normal,Clipped,ThreeQuarters,1,2,14390.8231,.1434,1.2199,1.3569,0
P6,"635,139,028,142,306,940.00",Normal,Clipped,ThreeQuarters,2,0,16911.9673,.1116,.7459,1.3231,0
P6,"635,139,028,279,905,020.00",Normal,Clipped,ThreeQuarters,2,1,13171.7534,.1452,.6259,1.2451,0
P6,"635,139,028,457,064,960.00",Normal,Clipped,ThreeQuarters,2,2,16719.9563,9.4799,5.34,1.2013,0
P6,"635,139,030,212,135,040.00",Normal,Clipped,Half,0,0,10535.6026,.1053,.2813,1.1878,0
P6,"635,139,030,425,447,040.00",Normal,Clipped,Half,0,1,16422.9394,.1132,1.4399,1.3252,0
P6,"635,139,030,788,048,000.00",Normal,Clipped,Half,0,2,32171.8401,.1061,8.63,1.1937,0
P6,"635,139,030,998,240,000.00",Normal,Clipped,Half,1,0,13282.7598,8.6999,1.1496,1.1548,0
P6,"635,139,031,122,967,040.00",Normal,Clipped,Half,1,1,9618.5502,.1166,0,1.2296,0
P6,"635,139,031,224,443,010.00",Normal,Clipped,Half,1,2,7743.4429,.1086,.5535,1.2995,0
P6,"635,139,031,336,560,000.00",Normal,Clipped,Half,2,0,6787.3882,.1096,0,1.494,0
P6,"635,139,031,470,717,060.00",Normal,Clipped,Half,2,1,10031.5738,7.7299,.3064,1.2472,0
P6,"635,139,031,593,324,030.00",Normal,Clipped,Half,2,2,10024.5734,0,4.2799,1.3289,0
P6,"635,139,032,903,828,990.00",Normal,Clipped,Quarter,0,0,20897.1952,9.3899,1.7723,1.4544,0
P6,"635,139,033,087,320,060.00",Normal,Clipped,Quarter,0,1,14668.839, ,1.6736,1.3154,0
P6,"635,139,033,249,908,990.00",Normal,Clipped,Quarter,0,2,13823.7907,8.8499,1.1016,1.3379,0
P6,"635,139,033,379,986,050.00",Normal,Clipped,Quarter,1,0,10127.5793,2.5899,.4897,1.554,0
P6,"635,139,033,520,384,000.00",Normal,Clipped,Quarter,1,1,11889.68,7.09,.9535,1.3848,0
P6,"635,139,033,661,062,020.00",Normal,Clipped,Quarter,1,2,12282.7025,4.6699,.3603,1.5132,0
P6,"635,139,033,854,503,940.00",Normal,Clipped,Quarter,2,0,18079.0341, ,7.3499,1.582,0
P6,"635,139,033,963,779,970.00",Normal,Clipped,Quarter,2,1,9719.5559,.1202,0,1.4433,0
P6,"635,139,034,072,716,030.00",Normal,Clipped,Quarter,2,2,9604.5494,9.9299,.4951,1.375,0
P7,635139093076570586,Normal,Clipped,ThreeQuarters,0,1,18368.0506,.1628,.6575,1.2924,0
P7,635139093247690373,Normal,Clipped,ThreeQuarters,0,2,13555.7753,.2396,.3342,1.4089,0
P7,635139093472043205,Normal,Clipped,ThreeQuarters,1,0,19875.1367,.1218,2.4437,1.3069,0
P7,635139093605240824,Normal,Clipped,ThreeQuarters,1,1,11690.6687,.3539,.1567,1.48,0
P7,635139093844884531,Normal,Clipped,ThreeQuarters,1,2,15307.8756,.1542,.4754,1.4065,0
P7,635139093978322163,Normal,Clipped,ThreeQuarters,2,0,9079.5193,.1918,3.9198,1.3448,0
P7,635139094084678246,Normal,Clipped,ThreeQuarters,2,1,7423.4246,.2021,1.7686,1.3962,0
P7,635139094196764657,Normal,Clipped,ThreeQuarters,2,2,9659.5525,.4426,1.7888,1.6323,0
P7,635139095616635869,Normal,Clipped,Half,0,1,15647.895,.1607,1.0984,1.1977,2.3999
P7,635139095724872060,Normal,Clipped,Half,0,2,9071.5189,.1661,.5677,1.2039,2.7
P7,635139095968065970,Normal,Clipped,Half,1,0,22775.3027,.113,.4636,1.4198,0
P7,635139096083432568,Normal,Clipped,Half,1,1,10532.6024,.2051,2.712,1.4198,0
P7,635139096265342973,Normal,Clipped,Half,1,2,16970.9707,.1562,.7724,1.3819,0
P7,635139096320066103,Normal,Clipped,Half,2,0,4263.2438,9.02,2.3372,1.2083,5
P7,635139096434982676,Normal,Clipped,Half,2,1,9615.55,.2535,3.6124,1.7231,0
P7,635139096649784962,Normal,Clipped,Half,2,2,16635.9515,.1207,1.0341,1.3361,0
P7,635139098588175832,Normal,Clipped,Quarter,0,0,18584.063,.5091,.5786,2.9859,0
P7,635139098786407170,Normal,Clipped,Quarter,0,1,14355.8211,0,4.4683,1.9395,0
P7,635139098957596961,Normal,Clipped,Quarter,0,2,13234.757,.2006,4.5701,1.7591,0
P7,635139099095804866,Normal,Clipped,Quarter,1,0,12315.7044,.1653,1.2842,2.0537,0
P7,635139099287245816,Normal,Clipped,Quarter,1,1,17876.0224,.2454,1.5556,2.0672,0
P7,635139099416523210,Normal,Clipped,Quarter,1,2,11758.6725,.1933,9.5008,2.6711,0
P7,635139099563781633,Normal,Clipped,Quarter,2,0,11101.635,8.58,9.8028,2.484,0
P7,635139099655126858,Normal,Clipped,Quarter,2,1,6708.3837,.1585,1.1465,2.5661,0
P7,635139099764123092,Normal,Clipped,Quarter,2,2,9615.55,.2659,2.4689,2.8477,0
P8,635139753839717363,Normal,Clipped,ThreeQuarters,0,1,17067.9762,.2539,1.7085,1.696,0
P8,635139754044349067,Normal,Clipped,ThreeQuarters,0,2,18047.0322,.2586,2.1918,1.4381,0
P8,635139754181946938,Normal,Clipped,ThreeQuarters,1,0,11859.6784,.135,2.8008,1.4148,0
P8,635139754371827798,Normal,Clipped,ThreeQuarters,1,1,17804.0183,.2093,.6469,1.6062,0
P8,635139754592910443,Normal,Clipped,ThreeQuarters,1,2,21187.2118,.2409,2.9695,1.4342,0
P8,635139754714957424,Normal,Clipped,ThreeQuarters,2,0,10272.5875,.36,.4063,1.7219,0
P8,635139754851865255,Normal,Clipped,ThreeQuarters,2,1,12506.7154,.2403,.8837,1.4084,0
P8,635139755032865607,Normal,Clipped,ThreeQuarters,2,2,16795.9606,6.23,4.338,1.5105,0
P8,635139756655458414,Normal,Clipped,Half,0,0,38128.1808,.1593,1.6523,1.5566,0
P8,635139756739253207,Normal,Clipped,Half,0,1,7351.4205,7.9399,4.42,1.3087,0
P8,635139756937974573,Normal,Clipped,Half,0,2,18820.0764,.2072,2.5392,1.5397,0
P8,635139757100653878,Normal,Clipped,Half,1,0,15230.8711,.1398,4.1075,2.0196,0
P8,635139757242621998,Normal,Clipped,Half,1,1,13264.7587,6.8699,4.4463,1.5441,0
P8,635139757454524118,Normal,Clipped,Half,1,2,20347.1638,.16,1.6549,1.686,0
P8,635139757588811799,Normal,Clipped,Half,2,0,12191.6973,8.35,4.5696,1.7293,0
P8,635139757684647281,Normal,Clipped,Half,2,1,8607.4924,.1562,.8181,1.5983,0
P8,635139757860167320,Normal,Clipped,Half,2,2,16055.9184,0,.9502,1.8337,0
P8,635139759497310959,Normal,Clipped,Quarter,0,1,9639.5513,6.4199,1.4277,2.2856,0
P8,635139759564474801,Normal,Clipped,Quarter,0,2,5640.3226,.1144,1.3,2.2538,0
P8,635139759674271081,Normal,Clipped,Quarter,1,0,9915.5672,0,4.6727,1.8251,0
P8,635139759835750317,Normal,Clipped,Quarter,1,1,15043.8605,.3073,1.6135,2.4047,0
P8,635139760000549743,Normal,Clipped,Quarter,1,2,15459.8843,.2695,9.2103,2.5213,0
P8,635139760093345050,Normal,Clipped,Quarter,2,0,8439.4827,6.71,1.2107,1.772,0
P8,635139760267264998,Normal,Clipped,Quarter,2,1,16654.9526,6.46,2.9775,1.5184,0
P8,635139760391342095,Normal,Clipped,Quarter,2,2,11470.6561,9.9599,1.6609,2.0874,0
P9,635139907349155951,Normal,Clipped,ThreeQuarters,0,1,15047.8607,.3516,1.1212,1.7181,0
P9,635139907511295225,Normal,Clipped,ThreeQuarters,0,2,14715.8417,7.61,1.9288,1.4244,0
P9,635139907683955101,Normal,Clipped,ThreeQuarters,1,0,14923.8536, ,1.1652,1.3579,0
P9,635139907841954138,Normal,Clipped,ThreeQuarters,1,1,9135.5226,.1668,.7953,1.6073,0
P9,635139908018534238,Normal,Clipped,ThreeQuarters,1,2,15073.8622,.1778,.7527,1.5179,0
P9,635139908203304806,Normal,Clipped,ThreeQuarters,2,0,12082.6911, ,.4809,1.2769,0
P9,635139908326591857,Normal,Clipped,ThreeQuarters,2,1,10567.6044,5.2999,.7873,1.5248,0
P9,635139908472270190,Normal,Clipped,ThreeQuarters,2,2,12735.7285,0,2.3368,1.3976,0
P9,635139909429984968,Normal,Clipped,Half,0,0,20084.1488,9.71,8.7879,1.7978,0
P9,635139909609745250,Normal,Clipped,Half,0,1,16135.923,0,.9663,2.3677,0
P9,635139909755173568,Normal,Clipped,Half,0,2,13694.7833,9.9699,3.2397,1.9528,0
P9,635139909965575602,Normal,Clipped,Half,1,0,9699.5548,.1225,8.1891,1.8331,0
P9,635139910126614813,Normal,Clipped,Half,1,1,9955.5694,.5368,2.7052,2.1842,0
P9,635139910611612553,Normal,Clipped,Half,1,2,22111.2647,.1013,.7287,1.4776,0
P9,635139911255169362,Normal,Clipped,Half,2,0,8831.5051,0,1.2729,1.3972,0
P9,635139911338364121,Normal,Clipped,Half,2,1,7129.4078,.1118,.8767,1.4898,0
P9,635139911480922275,Normal,Clipped,Half,2,2,8850.5062,.1293,.8206,1.3431,0
P9,635139912362722711,Normal,Clipped,Quarter,0,0,18620.065,.2066,8.1058,2.2368,0
P9,635139912523881929,Normal,Clipped,Quarter,0,1,12371.7077,.1847,1.1108,1.3892,2.8999
P9,635139912684321105,Normal,Clipped,Quarter,0,2,12279.7023,3.66,.801,2.1741,0
P9,635139912973357637,Normal,Clipped,Quarter,1,0,27807.5905,.2584,4.9612,2.5811,0
P9,635139913181629550,Normal,Clipped,Quarter,1,1,14714.8417,.1789,.031,2.8405,0
P9,635139913338038496,Normal,Clipped,Quarter,1,2,11002.6293,.189,.3452,2.0929,0
P9,635139913432633906,Normal,Clipped,Quarter,2,0,7948.4546,.1258,1.0809,1.5889,0
P9,635139913567311609,Normal,Clipped,Quarter,2,1,9115.5213,.1781,.8303,1.7649,0
P9,635139913651676435,Normal,Clipped,Quarter,2,2,6592.3771,.1695,2.567,1.9986,0
P10,635140012273229490,Normal,Clipped,ThreeQuarters,0,0,22053.2614,9.2399,.5039,1.3563,0
P10,635140012509493004,Normal,Clipped,ThreeQuarters,0,1,17779.0169,8.4099,2.5448,1.2838,0
P10,635140012705254200,Normal,Clipped,ThreeQuarters,0,2,14311.8185,8.87,1.1597,1.5861,0
P10,635140012906535713,Normal,Clipped,ThreeQuarters,1,0,18284.0458,5.65,1.7579,1.3455,0
P10,635140013119897917,Normal,Clipped,ThreeQuarters,1,1,14887.8516,.1444,1.4159,1.5956,0
P10,635140013316529163,Normal,Clipped,ThreeQuarters,1,2,14978.8567,4.2799,.7541,1.3064,0
P10,635140013423845301,Normal,Clipped,ThreeQuarters,2,0,6815.3898,5.58,2.2315,.5008,.4991
P10,635140013545652268,Normal,Clipped,ThreeQuarters,2,1,6815.3898,7.0099,.7631,1.5107,0
P10,635140013703701308,Normal,Clipped,ThreeQuarters,2,2,13656.7811, ,.7538,1.4703,0
P10,635140014890719202,Normal,Clipped,Half,0,0,12203.698,.1603,.3685,1.7806,0
P10,635140015041797843,Normal,Clipped,Half,0,1,12159.6955,6.3399,1.8285,1.7217,0
P10,635140015204397143,Normal,Clipped,Half,0,2,12455.7124,0,.4078,1.5993,0
P10,635140015358435954,Normal,Clipped,Half,1,0,10954.6266, ,1.0182,1.467,0
P10,635140015503854271,Normal,Clipped,Half,1,1,12341.7059,.158,.9159,1.6453,0
P10,635140015698595410,Normal,Clipped,Half,1,2,16613.9503,5.31,.2544,1.89,0
P10,635140015845033786,Normal,Clipped,Half,2,0,10450.5978,5.8099,.9142,1.8622,0
P10,635140016012553367,Normal,Clipped,Half,2,1,14887.8515,.063,.3261,1.5158,0
P10,635140016176592750,Normal,Clipped,Half,2,2,14383.8227,3.02,.3059,1.5124,0
P10,635140016399865520,Normal,Clipped,Quarter,0,0,11287.6456,9.8299,1.9197,1.8761,0
P10,635140016578465735,Normal,Clipped,Quarter,0,1,13843.7918, ,.2586,1.6537,0
P10,635140016894743826,Normal,Clipped,Quarter,0,2,28439.6267,2.04,1.2299,1.7905,0
P10,635140017058103169,Normal,Clipped,Quarter,1,0,14803.8467,0,.1517,2.5125,0
P10,635140017210381879,Normal,Clipped,Quarter,1,1,13287.76,5.72,1.5079,1.9748,0
P10,635140017343619500,Normal,Clipped,Quarter,1,2,11023.6305,.1164,3.2799,2.2993,0
P10,635140017424064101,Normal,Clipped,Quarter,2,0,5904.3377,.1331,5.9588,4.1158,0
P10,635140017533620367,Normal,Clipped,Quarter,2,1,5904.3377,.1004,4.6614,2.3271,0
P10,635140017687859189,Normal,Clipped,Quarter,2,2,12759.7298,9.2299,3.3045,2.3317,0
P11,635145999028712023,Normal,Clipped,Quarter,0,1,21431.2258,.04,.13,2.387,0
P11,635145999132187942,Normal,Clipped,Quarter,0,2,9371.5361,9.3399,1.0324,2.4087,0
P11,635145999297387390,Normal,Clipped,Quarter,1,0,15294.8748,.1958,.1719,1.9801,0
P11,635145999485988178,Normal,Clipped,Quarter,1,1,17975.0281,.113,4.2672,2.1246,0
P11,635145999663428327,Normal,Clipped,Quarter,1,2,16651.9525,0,.5483,1.8923,0
P11,635145999876150494,Normal,Clipped,Quarter,2,0,19932.1401,2.96,.1948,1.8755,0
P11,635146000046070213,Normal,Clipped,Quarter,2,1,15591.8918,6.4399,.6982,1.7923,0
P11,635146000201349094,Normal,Clipped,Quarter,2,2,13331.7625,7.5499,1.5657,2.2284,0
P11,635146000528617813,Normal,Clipped,ThreeQuarters,0,0,30850.7646,.3135,1.0989,1.8066,0
P11,635146000783542394,Normal,Clipped,ThreeQuarters,0,1,24427.3972, ,2.5817,1.4041,0
P11,635146000906019399,Normal,Clipped,ThreeQuarters,0,2,10935.6255,.5595,2.1598,1.9094,0
P11,635146001102300626,Normal,Clipped,ThreeQuarters,1,0,18437.0546,.3281,1.4955,1.8138,0
P11,635146001183575274,Normal,Clipped,ThreeQuarters,1,1,7179.4106,.221,.916,1.5224,0
P11,635146001248779004,Normal,Clipped,ThreeQuarters,1,2,5643.3228,.3316,1.4698,1.565,0
P11,635146001323013250,Normal,Clipped,ThreeQuarters,2,0,6563.3754,.2652,1.5189,1.65,0
P11,635146001389457050,Normal,Clipped,ThreeQuarters,2,1,5851.3347,.2605,2.6818,1.7289,0
P11,635146001541415742,Normal,Clipped,ThreeQuarters,2,2,14287.8173,.1953,1.1308,1.4472,0
P11,635146001738617021,Normal,Clipped,Half,0,0,17976.0282,.1884,2.1355,2.0266,0
P11,635146001831012306,Normal,Clipped,Half,0,1,8011.4583,.6774,1.3396,2.3287,0
P11,635146002084086781,Normal,Clipped,Half,0,2,24447.3984,.3169,.7956,1.4804,0
P11,635146002239535672,Normal,Clipped,Half,1,0,14356.8212,9.21,2.4127,1.9744,0
P11,635146002407405273,Normal,Clipped,Half,1,1,15446.8835,4.25,4.351,1.7978,0
P11,635146002515811474,Normal,Clipped,Half,1,2,5620.3215,4.73,1.0818,1.8125,0
P11,635146002660329740,Normal,Clipped,Half,2,0,13407.7669,9.66,.1055,1.6762,0
P11,635146002799567704,Normal,Clipped,Half,2,1,12635.7227,9.13,3.1884,1.5885,0
P11,635146002888392784,Normal,Clipped,Half,2,2,7776.4448,.1595,1.7444,1.8008,0
P1,635134639606800791,Normal,Normal,Half,0,0,25916.482,.0649,2.332,0,0
P1,635134639885706744,Normal,Normal,Half,0,1,11891.6802,.2296,.1014,0,0
P1,635134640244507266,Normal,Normal,Half,0,2,19208.0987,.055,1.2241,0,0
P1,635134640464509849,Normal,Normal,Half,1,0,13038.7458,.0967,.4529,0,0
P1,635134640773267509,Normal,Normal,Half,1,1,23547.3468,.3234,1.9368,0,0
P1,635134641013501250,Normal,Normal,Half,1,2,16962.9703,.0479,.4939,0,0
P1,635134641306858029,Normal,Normal,Half,2,0,22847.3068,.0464,.7803,0,0
P1,635134641533661001,Normal,Normal,Half,2,1,17406.9956,.0131,1.6847,0,0
P1,635134641813296995,Normal,Normal,Half,2,2,13575.7764,.059,1.3322,0,0
P1,635134642157136662,Normal,Normal,ThreeQuarters,0,0,19284.103,.1297,.2039,0,0
P1,635134642459573960,Normal,Normal,ThreeQuarters,0,1,20271.1594,0,1.0464,0,0
P1,635134642653635060,Normal,Normal,ThreeQuarters,0,2,10394.5945,.1423,2.3003,0,0
P1,635134642891688676,Normal,Normal,ThreeQuarters,1,0,14391.8232,.0685,2.411,0,0
P1,635134643105010877,Normal,Normal,ThreeQuarters,1,1,12523.7163,.0563,.5826,0,0
P1,635134643423009066,Normal,Normal,ThreeQuarters,1,2,24031.3745,.1979,.9392,0,0
P1,635134643676883586,Normal,Normal,ThreeQuarters,2,0,16003.9153,0,2.6838,0,0
P1,635134643917717361,Normal,Normal,ThreeQuarters,2,1,17126.9796,.0487,2.4332,0,0
P1,635134644165761549,Normal,Normal,ThreeQuarters,2,2,16339.9346,.1599,1.8856,0,0
P1,635134738668541327,Normal,Normal,Quarter,0,0,14483.8284,.0785,.3673,0,0
P1,635134738840411158,Normal,Normal,Quarter,0,1,11662.6671,.101,.3794,0,0
P1,635134738971888678,Normal,Normal,Quarter,0,2,8795.5031,.1226,.769,0,0
P1,635134739196411520,Normal,Normal,Quarter,1,0,17871.0222,.1955,0,0,0
P1,635134739948874558,Normal,Normal,Quarter,1,1,9918.5673,.0913,0,0,0
P1,635134740141685586,Normal,Normal,Quarter,1,2,12659.7241,.0682,0,0,0
P1,635134740289814059,Normal,Normal,Quarter,2,0,10692.6116,.0765,.3924,0,0
P1,635134740468964305,Normal,Normal,Quarter,2,1,13679.7824,.0985,.7957,0,0
P1,635134740633083693,Normal,Normal,Quarter,2,2,12499.715,.1147,.9914,0,0
P2,635135607167902621,Normal,Normal,Half,0,0,12766.7303,.1035,.4357,0,0
P2,635135607403976123,Normal,Normal,Half,0,1,17074.9766,.113,.1785,0,0
P2,635135607694932765,Normal,Normal,Half,0,2,23223.3283,.2553,.6228,0,0
P2,635135607841531150,Normal,Normal,Half,1,0,10891.623,.0838,1.1829,0,0
P2,635135607994809917,Normal,Normal,Half,1,1,10347.5919,.0492,1.21,0,0
P2,635135608158529281,Normal,Normal,Half,1,2,13742.786,.0292,.2544,0,0
P2,635135608255974855,Normal,Normal,Half,2,0,6804.3892,.0496,.1813,0,0
P2,635135608416334027,Normal,Normal,Half,2,1,7052.4034,.0692,.168,0,0
P2,635135608528730455,Normal,Normal,Half,2,2,7895.4516,.0141,.191,0,0
P2,635135608786805216,Normal,Normal,ThreeQuarters,0,0,15462.8844,.0979,.5085,0,0
P2,635135608913692474,Normal,Normal,ThreeQuarters,0,1,7642.4371,.0493,1.3532,0,0
P2,635135609072531559,Normal,Normal,ThreeQuarters,0,2,10899.6234,.0981,.7721,0,0
P2,635135609268282755,Normal,Normal,ThreeQuarters,1,0,15621.8935,.0816,.1623,0,0
P2,635135609419541407,Normal,Normal,ThreeQuarters,1,1,10637.6084,.0317,.7935,0,0
P2,635135609531527812,Normal,Normal,ThreeQuarters,1,2,8124.4647,.0205,1.2766,0,0
P2,635135609658165055,Normal,Normal,ThreeQuarters,2,0,7063.404,.1137,1.8262,0,0
P2,635135609815164035,Normal,Normal,ThreeQuarters,2,1,6830.3907,.0919,.3782,0,0
P2,635135609907759331,Normal,Normal,ThreeQuarters,2,2,6159.3523,.0975,.5768,0,0
P2,635135610166594136,Normal,Normal,Quarter,0,0,15922.9108,.1012,.2894,0,0
P2,635135610305682091,Normal,Normal,Quarter,0,1,8616.4928,.0599,0,0,0
P2,635135610432999373,Normal,Normal,Quarter,0,2,9479.5422,.0461,.4775,0,0
P2,635135610623550272,Normal,Normal,Quarter,1,0,15590.8917,.1308,.5846,0,0
P2,635135610780629257,Normal,Normal,Quarter,1,1,11390.6515,.0376,.2599,0,0
P2,635135610936878194,Normal,Normal,Quarter,1,2,8396.4803,.0447,1.4441,0,0
P2,635135611126149019,Normal,Normal,Quarter,2,0,14642.8375,.0682,.8488,0,0
P2,635135611307909415,Normal,Normal,Quarter,2,1,13671.7819,.1161,1.466,0,0
P2,635135611447877421,Normal,Normal,Quarter,2,2,8860.5068,.0542,.924,0,0
P3,635135706643802411,Normal,Normal,ThreeQuarters,0,0,7690.4399,.0447,.787,0,0
P3,635135706751958597,Normal,Normal,ThreeQuarters,0,1,6835.391,.1442,.7489,0,0
P3,635135706847564065,Normal,Normal,ThreeQuarters,0,2,5288.3025,.1299,.3673,0,0
P3,635135706944739623,Normal,Normal,ThreeQuarters,1,0,5921.3387,.0855,2.2531,0,0
P3,635135707028884436,Normal,Normal,ThreeQuarters,1,1,4912.281,.0382,1.1864,0,0
P3,635135707143480991,Normal,Normal,ThreeQuarters,1,2,7355.4207,.0462,1.4688,0,0
P3,635135707229195893,Normal,Normal,ThreeQuarters,2,0,5035.288,.1695,1.3599,0,0
P3,635135707311840620,Normal,Normal,ThreeQuarters,2,1,4744.2713,.0559,1.757,0,0
P3,635135707456238879,Normal,Normal,ThreeQuarters,2,2,5407.3093,.093,1.4688,0,0
P3,635135710219116907,Normal,Normal,Half,0,0,6879.3935,.1637,0,0,0
P3,635135710348054282,Normal,Normal,Half,0,1,7435.4253,.1501,.4658,0,0
P3,635135710427738839,Normal,Normal,Half,0,2,4900.2802,.1159,.4244,0,0
P3,635135710549495803,Normal,Normal,Half,1,0,8068.4614,.265,.2418,0,0
P3,635135710651691649,Normal,Normal,Half,1,1,4690.2683,.1198,2.2906,0,0
P3,635135710734936410,Normal,Normal,Half,1,2,5336.3052,.0936,.2114,0,0
P3,635135710844572681,Normal,Normal,Half,2,0,7239.4141,.0428,0,0,0
P3,635135710952888876,Normal,Normal,Half,2,1,6955.3978,.032,1.7357,0,0
P3,635135711073935800,Normal,Normal,Half,2,2,8244.4716,.1154,1.164,0,0
P3,635135712984755092,Normal,Normal,Quarter,0,0,6667.3813,.1373,1.4411,0,0
P3,635135713107472111,Normal,Normal,Quarter,0,1,9146.5231,.1334,1.116,0,0
P3,635135713229839110,Normal,Normal,Quarter,0,2,6640.3798,.0796,1.34,0,0
P3,635135713325384575,Normal,Normal,Quarter,1,0,5782.3307,.056,.339,0,0
P3,635135713420510016,Normal,Normal,Quarter,1,1,5571.3187,.0613,1.4764,0,0
P3,635135713524555967,Normal,Normal,Quarter,1,2,7015.4012,.1014,.3013,0,0
P3,635135713620831474,Normal,Normal,Quarter,2,0,6823.3903,.1121,.4182,0,0
P3,635135713729307678,Normal,Normal,Quarter,2,1,7411.4239,.0309,1.6366,0,0
P3,635135713838433920,Normal,Normal,Quarter,2,2,8298.4746,.0929,.2491,0,0
P4,635138259450482037,Normal,Normal,ThreeQuarters,0,0,6515.3727,8.3799,.186,0,0
P4,635138259612801321,Normal,Normal,ThreeQuarters,0,1,10275.5878,9.52,1.428,0,0
P4,635138259987402747,Normal,Normal,ThreeQuarters,0,2,8346.4774,.1716,2.0718,0,0
P4,635138260067277315,Normal,Normal,ThreeQuarters,1,0,5396.3086,.642,3.1701,0,0
P4,635138260150182057,Normal,Normal,ThreeQuarters,1,1,4930.282,.11,.3174,0,0
P4,635138260224606314,Normal,Normal,ThreeQuarters,1,2,5560.318,.2136,.907,0,0
P4,635138260278959423,Normal,Normal,ThreeQuarters,2,0,3435.1965,.256,2.6223,0,0
P4,635138260362574205,Normal,Normal,ThreeQuarters,2,1,6249.3574,.1716,1.0178,0,0
P4,635138260497111900,Normal,Normal,ThreeQuarters,2,2,11102.635,9.4799,3.7768,0,0
P4,635138262712898636,Normal,Normal,Half,0,0,10015.5728,0,1.206,0,0
P4,635138262806934015,Normal,Normal,Half,0,1,6259.358,3.0499,2.786,0,0
P4,635138262898379245,Normal,Normal,Half,0,2,5607.3207,.1464,2.3319,0,0
P4,635138262999655038,Normal,Normal,Half,1,0,7231.4136,.1222,1.0911,0,0
P4,635138263070979117,Normal,Normal,Half,1,1,4843.277,6.74,.4834,0,0
P4,635138263174945064,Normal,Normal,Half,1,2,5552.3176,.1052,2.9767,0,0
P4,635138263251099420,Normal,Normal,Half,2,0,5620.3215,.2429,3.145,0,0
P4,635138263350415100,Normal,Normal,Half,2,1,7718.4415,9.66,.7314,0,0
P4,635138263438130117,Normal,Normal,Half,2,2,6475.3704,.1562,2.3504,0,0
P4,635138265552161033,Normal,Normal,Quarter,0,1,5152.2947,.122,2.3694,0,0
P4,635138265652796789,Normal,Normal,Quarter,0,2,7895.4516,.1762,1.1088,0,0
P4,635138265754402600,Normal,Normal,Quarter,1,0,6872.393,7.0099,1.4202,0,0
P4,635138265853758283,Normal,Normal,Quarter,1,1,6420.3672,5.2999,1.9885,0,0
P4,635138265937273060,Normal,Normal,Quarter,1,2,6243.3571,7.5499,.7773,0,0
P4,635138266014067452,Normal,Normal,Quarter,2,0,5503.3147,5.6599,1.8475,0,0
P4,635138266136114433,Normal,Normal,Quarter,2,1,8219.4701,6.5699,1.3322,0,0
P4,635138266219519203,Normal,Normal,Quarter,2,2,5505.3148,.2179,4.351,0,0
P5,635138947345155132,Normal,Normal,ThreeQuarters,0,2,10291.5886,.3141,1.4423,0,0
P5,635138947477752716,Normal,Normal,ThreeQuarters,1,0,10379.5936,.1205,.7874,0,0
P5,635138947602469850,Normal,Normal,ThreeQuarters,1,1,8511.4868,3.4099,.5563,0,0
P5,635138947726356936,Normal,Normal,ThreeQuarters,1,2,9524.5448,.2672,.9844,0,0
P5,635138947848893945,Normal,Normal,ThreeQuarters,2,0,9546.5461,.1298,.1206,0,0
P5,635138947990942069,Normal,Normal,ThreeQuarters,2,1,11097.6347,.249,.5927,0,0
P5,635138948142350729,Normal,Normal,ThreeQuarters,2,2,12127.6936,.1597,2.7263,0,0
P5,635138949711010452,Normal,Normal,Half,0,0,34314.9628,.2197,.3236,0,0
P5,635138949848858336,Normal,Normal,Half,0,1,12447.712,.2005,2.7927,0,0
P5,635138949982575984,Normal,Normal,Half,0,2,11335.6483,.1562,0,0,0
P5,635138950187127684,Normal,Normal,Half,1,0,18267.0448,6.01,1.9527,0,0
P5,635138950372208270,Normal,Normal,Half,1,1,15815.9046,7.4499,.8343,0,0
P5,635138950518726650,Normal,Normal,Half,1,2,13035.7456,7.7899,.8467,0,0
P5,635138950667205143,Normal,Normal,Half,2,0,12971.742,.13,1.1751,0,0
P5,635138950834924736,Normal,Normal,Half,2,1,14578.8339,5.84,4.8156,0,0
P5,635138950966082238,Normal,Normal,Half,2,2,11663.6672,7.6899,9.6118,0,0
P5,635138952550472859,Normal,Normal,Quarter,0,1,29675.6973,.7131,.9718,0,0
P5,635138952729233084,Normal,Normal,Quarter,0,2,10571.6047,.2938,.7161,0,0
P5,635138952849349954,Normal,Normal,Quarter,1,0,9687.5541,4.3499,.8488,0,0
P5,635138952963026456,Normal,Normal,Quarter,1,1,8235.471,2.8299,1.2018,0,0
P5,635138953074672842,Normal,Normal,Quarter,1,2,8475.4848,7.27,3.9005,0,0
P5,635138953258613363,Normal,Normal,Quarter,2,0,16341.9347,.1584,2.4628,0,0
P5,635138953384700575,Normal,Normal,Quarter,2,1,10162.5813,.2439,2.583,0,0
P5,635138953530318903,Normal,Normal,Quarter,2,2,11496.6575,.3318,1.1233,0,0
P6,"635,139,035,155,737,980.00",Normal,Normal,ThreeQuarters,0,0,9692.5544,8.3,.1628,0,0
P6,"635,139,035,257,974,020.00",Normal,Normal,ThreeQuarters,0,1,8051.4606,0,2.3136,0,0
P6,"635,139,035,319,336,960.00",Normal,Normal,ThreeQuarters,0,2,4288.2452, ,.6986,0,0
P6,"635,139,035,382,171,010.00",Normal,Normal,ThreeQuarters,1,0,4647.2658,9.4299,1.6227,0,0
P6,"635,139,035,448,494,980.00",Normal,Normal,ThreeQuarters,1,1,5116.2927,8.89,2.3578,0,0
P6,"635,139,035,517,729,020.00",Normal,Normal,ThreeQuarters,1,2,5511.3153,9.0999,.504,0,0
P6,"635,139,035,594,612,990.00",Normal,Normal,ThreeQuarters,2,0,5811.3324,.159,0,0,0
P6,"635,139,035,659,297,020.00",Normal,Normal,ThreeQuarters,2,1,5024.2874,.1036,.5767,0,0
P6,"635,139,035,754,342,020.00",Normal,Normal,ThreeQuarters,2,2,6160.3523,.107,3.1701,0,0
P6,"635,139,037,512,523,010.00",Normal,Normal,Half,0,0,7012.401,9.51,1.9092,0,0
P6,"635,139,037,586,676,990.00",Normal,Normal,Half,0,1,5413.3096, ,.8637,0,0
P6,"635,139,037,664,440,960.00",Normal,Normal,Half,0,2,6084.348,9.3399,2.1113,0,0
P6,"635,139,037,759,437,060.00",Normal,Normal,Half,1,0,7435.4253,8.2799,1.7014,0,0
P6,"635,139,037,827,271,040.00",Normal,Normal,Half,1,1,5267.3013,.199,.3514,0,0
P6,"635,139,037,917,676,030.00",Normal,Normal,Half,1,2,7463.4269,.105,1.7715,0,0
P6,"635,139,037,987,200,000.00",Normal,Normal,Half,2,0,5422.3101,9.47,1.0878,0,0
P6,"635,139,038,062,114,050.00",Normal,Normal,Half,2,1,5715.3269,.1739,2.035,0,0
P6,"635,139,038,154,960,000.00",Normal,Normal,Half,2,2,7824.4476,.1057,1.3721,0,0
P6,"635,139,039,210,109,950.00",Normal,Normal,Quarter,0,0,6387.3654,6.23,.6095,0,0
P6,"635,139,039,289,624,060.00",Normal,Normal,Quarter,0,1,6599.3775,.1234,1.8475,0,0
P6,"635,139,039,352,067,970.00",Normal,Normal,Quarter,0,2,4576.2617,4,1.828,0,0
P6,"635,139,039,418,621,950.00",Normal,Normal,Quarter,1,0,5367.307,5.2999,2.2724,0,0
P6,"635,139,039,500,336,000.00",Normal,Normal,Quarter,1,1,6974.3989, ,1.3576,0,0
P6,"635,139,039,549,149,060.00",Normal,Normal,Quarter,1,2,3739.2139,.1155,0,0,0
P6,"635,139,039,621,623,040.00",Normal,Normal,Quarter,2,0,6075.3475,7.47,.5508,0,0
P6,"635,139,039,705,017,980.00",Normal,Normal,Quarter,2,1,6858.3923,4.9799,2.0026,0,0
P6,"635,139,039,785,863,040.00",Normal,Normal,Quarter,2,2,6443.3685,5.4399,0,0,0
P7,635139101287510225,Normal,Normal,ThreeQuarters,0,0,9703.555,.3366,.2099,0,0
P7,635139101383545718,Normal,Normal,ThreeQuarters,0,1,3890.2226,2.21,3.6522,0,0
P7,635139101461670186,Normal,Normal,ThreeQuarters,0,2,2448.14,.4792,3.8506,0,0
P7,635139101537944549,Normal,Normal,ThreeQuarters,1,0,3284.1879,.323,1.0053,0,0
P7,635139101599188052,Normal,Normal,ThreeQuarters,1,1,2443.1398,.2301,1.3574,0,0
P7,635139101649710941,Normal,Normal,ThreeQuarters,1,2,1936.1107,.1499,1.1812,0,0
P7,635139101729465503,Normal,Normal,ThreeQuarters,2,0,4039.231,.5312,.507,0,0
P7,635139101783348585,Normal,Normal,ThreeQuarters,2,1,1916.1096,.2469,4.4715,0,0
P7,635139101828231152,Normal,Normal,ThreeQuarters,2,2,2876.1645,.1444,3.3944,0,0
P7,635139104353805607,Normal,Normal,Half,0,0,6543.3743,.2523,.4621,0,0
P7,635139104397928130,Normal,Normal,Half,0,1,2771.1585,.1079,.7672,0,0
P7,635139104455411418,Normal,Normal,Half,0,2,4731.2706,.7183,3.3513,0,0
P7,635139104532525829,Normal,Normal,Half,1,0,3613.2067,.1288,1.6134,0,0
P7,635139104694685104,Normal,Normal,Half,1,1,7319.4187,8.84,8.2462,0,0
P7,635139104818602192,Normal,Normal,Half,1,2,3739.2139,.1527,4.3276,0,0
P7,635139104902286978,Normal,Normal,Half,2,0,5315.304,.1318,2.3372,0,0
P7,635139104931808667,Normal,Normal,Half,2,1,2056.1176,6.04,1.1457,0,0
P7,635139104984331671,Normal,Normal,Half,2,2,4524.2588,9.79,.5968,0,0
P7,635139105189363398,Normal,Normal,Quarter,0,0,17928.0254,9.81,1.014,0,0
P7,635139105268167905,Normal,Normal,Quarter,0,1,3847.22,.1343,4.6859,0,0
P7,635139105300759769,Normal,Normal,Quarter,0,2,1839.1052,6.1699,6.4175,0,0
P7,635139105514762010,Normal,Normal,Quarter,1,0,17198.9838,.1598,2.224,0,0
P7,635139105642519317,Normal,Normal,Quarter,1,1,2655.1519,5.1499,15.58,0,0
P7,635139105671000946,Normal,Normal,Quarter,1,2,1147.0656,.161,18.61,0,0
P7,635139105769516581,Normal,Normal,Quarter,2,0,8939.5113,.2499,14.061,0,0
P7,635139105829520013,Normal,Normal,Quarter,2,1,2711.1551,.2735,1.325,0,0
P7,635139106003199947,Normal,Normal,Quarter,2,2,8475.4848,.1841,19.405,0,0
P8,635139760448505364,Normal,Normal,Quarter,0,0,4953.2833, ,.7073,0,0
P8,635139760484787440,Normal,Normal,Quarter,0,1,1764.101,.165,.7117,0,0
P8,635139760571982427,Normal,Normal,Quarter,0,2,7391.4228,6.6799,1.9614,0,0
P8,635139760680338624,Normal,Normal,Quarter,1,0,10075.5763,.2152,.3745,0,0
P8,635139760720260908,Normal,Normal,Quarter,1,1,3039.1738, ,.7538,0,0
P8,635139760815666365,Normal,Normal,Quarter,1,2,8792.5029,5.72,5.8773,0,0
P8,635139760853948554,Normal,Normal,Quarter,2,0,2968.1697,.1018,5.2374,0,0
P8,635139760961984734,Normal,Normal,Quarter,2,1,10023.5734,.1776,7.8532,0,0
P8,635139760996556711,Normal,Normal,Quarter,2,2,2485.1421,8.97,6.229,0,0
P8,635139761185017490,Normal,Normal,ThreeQuarters,0,0,18067.0333,.2877,1.5967,0,0
P8,635139761233660273,Normal,Normal,ThreeQuarters,0,1,3944.2256, ,1.7837,0,0
P8,635139761264542039,Normal,Normal,ThreeQuarters,0,2,2412.138,.5434,2.4895,0,0
P8,635139761294333743,Normal,Normal,ThreeQuarters,1,0,2305.1319,.1365,.3049,0,0
P8,635139761372598219,Normal,Normal,ThreeQuarters,1,1,7149.4089,2.9899,0,0,0
P8,635139761472253919,Normal,Normal,ThreeQuarters,1,2,9359.5353,.1628,5.0114,0,0
P8,635139761501215576,Normal,Normal,ThreeQuarters,2,0,2119.1212,.3306,4.1181,0,0
P8,635139761585620404,Normal,Normal,ThreeQuarters,2,1,7775.4448,.1814,3.4197,0,0
P8,635139761609761784,Normal,Normal,ThreeQuarters,2,2,1640.0938,.2044,2.6063,0,0
P8,635139761762050495,Normal,Normal,Half,0,0,14642.8375,.2117,.7994,0,0
P8,635139761873276857,Normal,Normal,Half,0,1,10433.5968,.2336,.3165,0,0
P8,635139761977612824,Normal,Normal,Half,0,2,9759.5582,.1222,2.2395,0,0
P8,635139762033576025,Normal,Normal,Half,1,0,4627.2647,.4012,1.5008,0,0
P8,635139762052777123,Normal,Normal,Half,1,1,1304.0746,.3013,2.1299,0,0
P8,635139762119610946,Normal,Normal,Half,1,2,6103.3491,.1005,4.3432,0,0
P8,635139762168533744,Normal,Normal,Half,2,0,4239.2424,.364,1.9902,0,0
P8,635139762189494943,Normal,Normal,Half,2,1,1446.0827,.423,1.4625,0,0
P8,635139762246968230,Normal,Normal,Half,2,2,5146.2943,.2136,3.4283,0,0
P9,635139908701743315,Normal,Normal,Quarter,0,0,15000.858,.3624,1.9731,0,0
P9,635139908752586223,Normal,Normal,Quarter,0,1,3555.2034,.3874,2.1208,0,0
P9,635139908813059682,Normal,Normal,Quarter,0,2,4715.2697,.233,3.9116,0,0
P9,635139908903344846,Normal,Normal,Quarter,1,0,8163.4669,.6159,1.8765,0,0
P9,635139908944547202,Normal,Normal,Quarter,1,1,8163.4669,.183,1.606,0,0
P9,635139909045102954,Normal,Normal,Quarter,1,2,8951.512,.1799,2.1368,0,0
P9,635139909095515837,Normal,Normal,Quarter,2,0,4045.2313,.2726,.444,0,0
P9,635139909138098273,Normal,Normal,Quarter,2,1,3351.1917,.217,0,0,0
P9,635139909219582934,Normal,Normal,Quarter,2,2,7411.424,.1789,.4406,0,0
P9,635139911610519687,Normal,Normal,Half,0,0,7319.4186,.31,1.1233,0,0
P9,635139911721886057,Normal,Normal,Half,0,1,9155.5237,.2339,.8518,0,0
P9,635139911767798683,Normal,Normal,Half,0,2,9155.5237,.1348,3.3246,0,0
P9,635139911852963554,Normal,Normal,Half,1,0,7731.4422,.1215,.2592,0,0
P9,635139911887965556,Normal,Normal,Half,1,1,2704.1546,.2214,.8317,0,0
P9,635139911920047391,Normal,Normal,Half,1,2,2444.1398,7.32,2.0886,0,0
P9,635139911985361127,Normal,Normal,Half,2,0,5583.3193,.22,.2836,0,0
P9,635139912079236496,Normal,Normal,Half,2,1,8650.4947,.2447,2.721,0,0
P9,635139912167441541,Normal,Normal,Half,2,2,7983.4566,.1222,1.0051,0,0
P9,635139913809105439,Normal,Normal,ThreeQuarters,0,0,9323.5333,.3484,.5846,0,0
P9,635139913918991724,Normal,Normal,ThreeQuarters,0,1,9295.5316,.2713,2.3858,0,0
P9,635139913960544101,Normal,Normal,ThreeQuarters,0,2,3327.1903,.2441,3.5966,0,0
P9,635139914076550736,Normal,Normal,ThreeQuarters,1,0,10831.6195,.3973,2.9424,0,0
P9,635139914163105687,Normal,Normal,ThreeQuarters,1,1,7586.4339,.6491,1.8648,0,0
P9,635139914234389764,Normal,Normal,ThreeQuarters,1,2,6304.3606,.281,.078,0,0
P9,635139914371027579,Normal,Normal,ThreeQuarters,2,0,12731.7282,.4964,.6009,0,0
P9,635139914469183194,Normal,Normal,ThreeQuarters,2,1,6755.3864,.2656,1.2018,0,0
P9,635139914534586934,Normal,Normal,ThreeQuarters,2,2,5256.3006,.5706,.2146,0,0
P10,635140008366086014,Normal,Normal,Quarter,0,0,18604.0641,.1368,5.5088,0,0
P10,635140008586398615,Normal,Normal,Quarter,0,1,15430.8826,.1542,3.5487,0,0
P10,635140008710645722,Normal,Normal,Quarter,0,2,10235.5855,1.59,3.2309,0,0
P10,635140008836442917,Normal,Normal,Quarter,1,0,10467.5987,.1197,2.2545,0,0
P10,635140008956359776,Normal,Normal,Quarter,1,1,9275.5305, ,2.6629,0,0
P10,635140009070596310,Normal,Normal,Quarter,1,2,8823.5047,5.8599,.8425,0,0
P10,635140009198883648,Normal,Normal,Quarter,2,0,11235.6427,8.11,1.8912,0,0
P10,635140009281488372,Normal,Normal,Quarter,2,1,6656.3807,0,1.7715,0,0
P10,635140009350002291,Normal,Normal,Quarter,2,2,5244.3,3.47,2.4628,0,0
P10,635140010870669268,Normal,Normal,Half,0,0,10559.604,4.63,.8185,0,0
P10,635140010976665331,Normal,Normal,Half,0,1,8295.4745,0,.8732,0,0
P10,635140011117303375,Normal,Normal,Half,0,2,11755.6724,.1116,2.6505,0,0
P10,635140011217699117,Normal,Normal,Half,1,0,6547.3745,.1015,.501,0,0
P10,635140011363307445,Normal,Normal,Half,1,1,12075.6906,4.3999,1.4202,0,0
P10,635140011484624384,Normal,Normal,Half,1,2,5665.324,.04,1.1706,0,0
P10,635140011607861433,Normal,Normal,Half,2,0,9663.5527,.1036,.4854,0,0
P10,635140011663224600,Normal,Normal,Half,2,1,3932.2249,6.1199,1.7075,0,0
P10,635140011792501994,Normal,Normal,Half,2,2,10123.579,4.8899,2.0051,0,0
P10,635140013814967672,Normal,Normal,ThreeQuarters,0,0,7063.404,8.45,2.15,0,0
P10,635140013915923447,Normal,Normal,ThreeQuarters,0,1,7063.404,.1981,3.3206,0,0
P10,635140014013249013,Normal,Normal,ThreeQuarters,0,2,7665.4384,8.97,3.4165,0,0
P10,635140014134165930,Normal,Normal,ThreeQuarters,1,0,10735.6141,.1205,.7465,0,0
P10,635140014215840601,Normal,Normal,ThreeQuarters,1,1,6783.388,.1107,.8068,0,0
P10,635140014340777747,Normal,Normal,ThreeQuarters,1,2,10341.5915,6.51,.191,0,0
P10,635140014471085200,Normal,Normal,ThreeQuarters,2,0,11363.6499,5.1999,1.3804,0,0
P10,635140014562160409,Normal,Normal,ThreeQuarters,2,1,7419.4243,6.41,1.4641,0,0
P10,635140014678877085,Normal,Normal,ThreeQuarters,2,2,10355.5923,7.4499,2.7006,0,0
P11,635145992133677650,Normal,Normal,Quarter,0,1,23843.3638,7.33,1.9581,0,0
P11,635145992339679432,Normal,Normal,Quarter,0,2,19039.0889,9.27,0,0,0
P11,635145992504638867,Normal,Normal,Quarter,1,0,15503.8867,.4338,1.1935,0,0
P11,635145992668198223,Normal,Normal,Quarter,1,1,15135.8658,.2712,.6366,0,0
P11,635145992775474358,Normal,Normal,Quarter,1,2,9419.5387,.423,.6821,0,0
P11,635145992902351615,Normal,Normal,Quarter,2,0,11391.6515,9.6199,1.3322,0,0
P11,635145992992516773,Normal,Normal,Quarter,2,1,8191.4686,.1648,4.3986,0,0
P11,635145993030918969,Normal,Normal,Quarter,2,2,3052.1746,7.77,3.0448,0,0
P11,635145994844862721,Normal,Normal,Half,0,1,16775.9596,9.02,.8948,0,0
P11,635145994983620657,Normal,Normal,Half,0,2,13071.7476,.1696,1.4528,0,0
P11,635145995019702721,Normal,Normal,Half,1,0,2572.1471,.2119,2.3243,0,0
P11,635145995052504597,Normal,Normal,Half,1,1,2588.148,.2025,.7282,0,0
P11,635145995144699870,Normal,Normal,Half,1,2,8459.4838,.2456,3.4681,0,0
P11,635145995189742447,Normal,Normal,Half,2,0,3776.216,.1695,4.0856,0,0
P11,635145995302938921,Normal,Normal,Half,2,1,10555.6037,4.73,.744,0,0
P11,635145995338860976,Normal,Normal,Half,2,2,2696.1542,.1376,1.7508,0,0
P11,635145996866048326,Normal,Normal,ThreeQuarters,0,0,5168.2956,.1203,1.3849,0,0
P11,635145996929371948,Normal,Normal,ThreeQuarters,0,1,5168.2956,.1048,1.0407,0,0
P11,635145997155804899,Normal,Normal,ThreeQuarters,0,2,11667.6674,.5296,.3897,0,0
P11,635145997203447624,Normal,Normal,ThreeQuarters,1,0,3972.2272,5.26,.1842,0,0
P11,635145997290162584,Normal,Normal,ThreeQuarters,1,1,7899.4518,.2479,1.0769,0,0
P11,635145997350086011,Normal,Normal,ThreeQuarters,1,2,5220.2986,.2164,.2025,0,0
P11,635145997429040527,Normal,Normal,ThreeQuarters,2,0,6947.3974,.3645,.9754,0,0
P11,635145997454721996,Normal,Normal,ThreeQuarters,2,1,1688.0965,.2656,1.5812,0,0
P11,635145997537286718,Normal,Normal,ThreeQuarters,2,2,7476.4276,.4829,.5786,0,0
P1,635134649956042734,tPad,Clipped,ThreeQuarters,0,1,19505.1156,.1673,.1488,1.1376,0
P1,635134650244439229,tPad,Clipped,ThreeQuarters,0,2,15979.914,.2259,.045,1.1596,0
P1,635134650534065795,tPad,Clipped,ThreeQuarters,1,0,19102.0926,.0661,.3351,1.1786,0
P1,635134650795470746,tPad,Clipped,ThreeQuarters,1,1,20131.1514,.0578,.2864,1.207,0
P1,635134650936308802,tPad,Clipped,ThreeQuarters,1,2,12407.7097,.1177,.2237,1.2434,0
P1,635134651163271783,tPad,Clipped,ThreeQuarters,2,0,17187.9831,.0819,.5419,1.1674,0
P1,635134651398305227,tPad,Clipped,ThreeQuarters,2,1,17919.025,.1155,.9393,1.1569,0
P1,635134651612317467,tPad,Clipped,ThreeQuarters,2,2,13764.7873,.0822,.8768,1.1818,0
P1,635134656553870108,tPad,Clipped,Half,0,1,13410.7671,.1593,.6348,1.096,.0153
P1,635134656794873893,tPad,Clipped,Half,0,2,17836.0202,.1198,1.6548,1.3339,0
P1,635134656931951733,tPad,Clipped,Half,1,0,8627.4935,.0828,.3996,.9774,.0604
P1,635134657163864998,tPad,Clipped,Half,1,1,17342.992,.0757,.505,1.2063,0
P1,635134657358466128,tPad,Clipped,Half,1,2,15222.8707,.0909,1.7265,1.1891,0
P1,635134657581308874,tPad,Clipped,Half,2,0,11979.6852,.0661,3.0043,1.1509,.0013
P1,635134657752918690,tPad,Clipped,Half,2,1,11816.6759,.1048,.1219,1.2857,0
P1,635134658159501945,tPad,Clipped,Half,2,2,22115.2649,.0775,.2024,1.1192,0
P1,635134663388861047,tPad,Clipped,Quarter,0,1,17102.9782,.0769,.2453,1.2714,.0002
P1,635134663895300014,tPad,Clipped,Quarter,0,2,20782.1887,.0916,.7848,1.2969,0
P1,635134664152254711,tPad,Clipped,Quarter,1,0,19095.0922,.1282,1.1778,1.2336,.0098
P1,635134664480013457,tPad,Clipped,Quarter,1,1,26202.4987,.1295,.3772,1.3291,0
P1,635134664796131538,tPad,Clipped,Quarter,1,2,17178.9825,.1258,1.3157,1.2375,0
P1,635134664993732841,tPad,Clipped,Quarter,2,0,18019.0307,.2192,.3633,1.2605,.0535
P1,635134665238206824,tPad,Clipped,Quarter,2,1,17923.0252,.1762,2.34,1.3808,0
P1,635134665626529034,tPad,Clipped,Quarter,2,2,27395.5669,.1953,1.7308,1.0453,.112
P2,635135614167492974,tPad,Clipped,ThreeQuarters,0,0,32195.8415,.1346,2.084,1.189,0
P2,635135614294210222,tPad,Clipped,ThreeQuarters,0,1,8250.4719,.0904,1.1008,1.1893,0
P2,635135614402886438,tPad,Clipped,ThreeQuarters,0,2,7931.4537,.057,.2022,1.2814,0
P2,635135614543524482,tPad,Clipped,ThreeQuarters,1,0,10819.6188,.0402,1.6319,1.1047,.0008
P2,635135614662851307,tPad,Clipped,ThreeQuarters,1,1,7415.4241,.0538,.821,1.1291,0
P2,635135614745506035,tPad,Clipped,ThreeQuarters,1,2,6489.3712,.0899,.321,1.1271,0
P2,635135614836361231,tPad,Clipped,ThreeQuarters,2,0,6879.3935,.018,.2238,1.1223,0
P2,635135614991880126,tPad,Clipped,ThreeQuarters,2,1,13582.7768,.0806,1.2996,1.1866,0
P2,635135615118767384,tPad,Clipped,ThreeQuarters,2,2,10463.5985,.0576,1.0575,1.1728,0
P2,635135618037864347,tPad,Clipped,Half,0,0,18224.0424,.0528,1.3888,1.1767,0
P2,635135618180022478,tPad,Clipped,Half,0,1,10435.5969,.099,2.556,1.1914,0
P2,635135618311900021,tPad,Clipped,Half,0,2,9463.5413,.1454,1.0708,1.2386,.0003
P2,635135618580825402,tPad,Clipped,Half,1,0,23320.3338,.1575,1.5386,1.2416,0
P2,635135618740404530,tPad,Clipped,Half,1,1,11077.6336,.0672,.4903,1.1919,0
P2,635135618824779356,tPad,Clipped,Half,1,2,6826.3905,.0761,1.1287,1.1863,0
P2,635135618933665584,tPad,Clipped,Half,2,0,7572.4332,.0676,2.5314,1.232,0
P2,635135619039701649,tPad,Clipped,Half,2,1,7260.4153,.107,.7657,1.2239,0
P2,635135619123536444,tPad,Clipped,Half,2,2,6319.3615,.1181,.224,1.252,0
P2,635135621561715900,tPad,Clipped,Quarter,0,0,9207.5267,.0206,2.7577,1.209,0
P2,635135621668462005,tPad,Clipped,Quarter,0,1,8281.4737,.0587,.3814,1.3087,0
P2,635135621786278744,tPad,Clipped,Quarter,0,2,6895.3944,.0297,.9292,1.438,0
P2,635135621903635456,tPad,Clipped,Quarter,1,0,9998.5719,.0491,.4792,1.4966,0
P2,635135621993840616,tPad,Clipped,Quarter,1,1,6924.3961,.0616,1.0322,1.346,0
P2,635135622095076406,tPad,Clipped,Quarter,1,2,8223.4704,.0586,1.1953,1.4383,0
P2,635135622211273052,tPad,Clipped,Quarter,2,0,9567.5472,.0758,1.278,1.362,.0001
P2,635135622374192371,tPad,Clipped,Quarter,2,1,10567.6045,.0593,.7147,1.3488,0
P2,635135622480398445,tPad,Clipped,Quarter,2,2,7232.4137,.0293,1.6908,1.3901,0
P3,635135716136975389,tPad,Clipped,ThreeQuarters,0,0,23527.3457,.0799,1.2209,1.2096,0
P3,635135716482815170,tPad,Clipped,ThreeQuarters,0,1,12691.7259,.0563,.6927,1.1978,0
P3,635135716616412811,tPad,Clipped,ThreeQuarters,0,2,8739.4998,.0953,.3479,1.1613,0
P3,635135716822734612,tPad,Clipped,ThreeQuarters,1,0,13979.7996,.0565,.5888,1.1428,0
P3,635135716995364486,tPad,Clipped,ThreeQuarters,1,1,10391.5944,.0644,.2732,1.1215,0
P3,635135717176604852,tPad,Clipped,ThreeQuarters,1,2,13550.775,.089,.1767,1.1805,0
P3,635135717332483768,tPad,Clipped,ThreeQuarters,2,0,8203.4692,.0736,.788,1.2162,0
P3,635135717525244793,tPad,Clipped,ThreeQuarters,2,1,12271.7019,.1136,.4189,1.1928,0
P3,635135717661762602,tPad,Clipped,ThreeQuarters,2,2,9787.5598,.0736,.5548,1.1656,0
P3,635135719310706916,tPad,Clipped,Half,0,0,11180.6395,.1196,.4728,1.1461,.0024
P3,635135719461655550,tPad,Clipped,Half,0,1,10729.6137,.0904,1.0798,1.0857,.0047
P3,635135719623504807,tPad,Clipped,Half,0,2,11118.6359,.0532,.486,1.1592,0
P3,635135719740711511,tPad,Clipped,Half,1,0,8843.5058,.0252,.9764,1.2623,0
P3,635135719856388127,tPad,Clipped,Half,1,1,8799.5033,.0399,.5555,1.2372,0
P3,635135719958063943,tPad,Clipped,Half,1,2,7395.423,.0978,.0169,1.0696,.0049
P3,635135720052829363,tPad,Clipped,Half,2,0,6079.3477,.1273,.7174,1.2875,0
P3,635135720173706277,tPad,Clipped,Half,2,1,9099.5205,.0927,.9902,1.143,.0018
P3,635135720317304490,tPad,Clipped,Half,2,2,10827.6193,.0895,.8733,1.2011,0
P3,635135721297740568,tPad,Clipped,Quarter,0,0,9738.557,.0173,1.693,1.5092,0
P3,635135721430858182,tPad,Clipped,Quarter,0,1,8835.5054,.1125,.0672,1.1348,.0216
P3,635135721562535713,tPad,Clipped,Quarter,0,2,8851.5062,.0623,.5485,1.355,0
P3,635135721704893856,tPad,Clipped,Quarter,1,0,10051.5749,.0795,.6038,1.1539,.0019
P3,635135721830291028,tPad,Clipped,Quarter,1,1,8471.4845,.0568,.3361,1.276,.0101
P3,635135721937657169,tPad,Clipped,Quarter,1,2,7907.4523,.0552,3.5579,1.1855,0
P3,635135722074174977,tPad,Clipped,Quarter,2,0,9404.5379,.0352,.6117,1.2912,0
P3,635135722196211958,tPad,Clipped,Quarter,2,1,8107.4638,.0648,.7788,1.2948,0
P3,635135722328569528,tPad,Clipped,Quarter,2,2,8479.485,.0568,1.1583,1.1515,0
P4,635138267364264679,tPad,Clipped,ThreeQuarters,0,0,18376.051,9.08,1.6312,1.3671,0
P4,635138268004221283,tPad,Clipped,ThreeQuarters,0,1,9747.5576,.1448,2.1507,1.3156,0
P4,635138268089746174,tPad,Clipped,ThreeQuarters,0,2,5976.3418,.1441,1.1678,1.2214,0
P4,635138268193262095,tPad,Clipped,ThreeQuarters,1,0,7771.4445,.1355,2.3978,1.8312,0
P4,635138268285497371,tPad,Clipped,ThreeQuarters,1,1,6755.3864,.1678,2.1779,1.4773,0
P4,635138268375942544,tPad,Clipped,ThreeQuarters,1,2,6104.3492,.1685,.2378,1.416,0
P4,635138268469437891,tPad,Clipped,ThreeQuarters,2,0,7261.4153,.1403,1.1237,1.4279,0
P4,635138268554982784,tPad,Clipped,ThreeQuarters,2,1,6396.3658, ,.5353,1.1948,0
P4,635138268629897069,tPad,Clipped,ThreeQuarters,2,2,5567.3184,.1438,3.9823,1.7808,0
P4,635138269445733732,tPad,Clipped,Half,0,0,20736.186,9.5899,6.7939,6.4991,0
P4,635138269570770884,tPad,Clipped,Half,0,1,6822.3902,.2088,3.3809,1.9061,0
P4,635138269652685569,tPad,Clipped,Half,0,2,6779.3877,7.38,2.6599,1.729,0
P4,635138269747651001,tPad,Clipped,Half,1,0,6916.3956,.1791,2.5103,1.8487,0
P4,635138269839486254,tPad,Clipped,Half,1,1,7015.4013,.1816,4.4736,1.8601,0
P4,635138269934461686,tPad,Clipped,Half,1,2,6511.3724,.1343,4.3704,1.6017,0
P4,635138270088850517,tPad,Clipped,Half,2,0,13114.7502, ,.4618,1.8275,0
P4,635138270212527590,tPad,Clipped,Half,2,1,10031.5737,.1058,2.4935,1.3627,0
P4,635138270308283067,tPad,Clipped,Half,2,2,8055.4607,7.09,.3548,1.7261,0
P4,635138270453481372,tPad,Clipped,Quarter,0,0,13055.7467,3.5499,2.8902,3.9297,0
P4,635138270595379488,tPad,Clipped,Quarter,0,1,9329.5336,.1419,10.944,3.7841,0
P4,635138270703765688,tPad,Clipped,Quarter,0,2,7880.4508,.1479,4.1052,2.7521,0
P4,635138270782520192,tPad,Clipped,Quarter,1,0,6339.3626,7.86,3.7732,4.0366,0
P4,635138270834203148,tPad,Clipped,Quarter,1,1,3022.1728,9.4899,.1375,3.9352,0
P4,635138270869805185,tPad,Clipped,Quarter,1,2,2184.125,.1293,2.8614,3.9247,0
P4,635138270919278014,tPad,Clipped,Quarter,2,0,2935.1679,9.4899,.8999,3.8816,0
P4,635138270989212014,tPad,Clipped,Quarter,2,1,5241.2998,8.8999,.5598,3.8845,0
P4,635138271034084581,tPad,Clipped,Quarter,2,2,2993.1712,6.3399,3.1076,3.9386,0
P5,635138953897269892,tPad,Clipped,Quarter,0,0,34579.9779,3.5799,.7694,2.044,0
P5,635138954034867762,tPad,Clipped,Quarter,0,1,11488.6571,.1375,.1401,1.298,.0015
P5,635138954163345110,tPad,Clipped,Quarter,0,2,10587.6055,7.1999,.7514,1.2943,0
P5,635138954220378373,tPad,Clipped,Quarter,1,0,4175.2388,8.8999,8.3099,4.093,0
P5,635138954414299464,tPad,Clipped,Quarter,1,1,17166.9819,7.92,4.229,1.4302,0
P5,635138954541336730,tPad,Clipped,Quarter,1,2,10811.6184,6.4699,2.8119,1.3956,0
P5,635138954686345024,tPad,Clipped,Quarter,2,0,12416.7102,6.45,5.75,1.273,0
P5,635138954800341545,tPad,Clipped,Quarter,2,1,9111.5212,3.83,.3871,1.3371,0
P5,635138954969341211,tPad,Clipped,Quarter,2,2,14947.855,8.89,.2308,1.2844,0
P5,635138955180093265,tPad,Clipped,ThreeQuarters,0,0,10639.6085,2.51,.844,1.2315,0
P5,635138955355173279,tPad,Clipped,ThreeQuarters,0,1,11387.6513,.129,.362,1.2296,0
P5,635138955588616631,tPad,Clipped,ThreeQuarters,0,2,17668.0105,7.95,.7558,1.2141,0
P5,635138955730774762,tPad,Clipped,ThreeQuarters,1,0,10975.6277,7.34,1.052,1.2598,0
P5,635138955903694653,tPad,Clipped,ThreeQuarters,1,1,14951.8552,1.7899,.115,1.1712,0
P5,635138956108286355,tPad,Clipped,ThreeQuarters,1,2,17042.9748, ,1.2746,1.2275,0
P5,635138956238323792,tPad,Clipped,ThreeQuarters,2,0,10170.5817,.1441,1.8977,1.2324,0
P5,635138956347370030,tPad,Clipped,ThreeQuarters,2,1,9032.5167, ,4.2799,1.2259,0
P5,635138956513849552,tPad,Clipped,ThreeQuarters,2,2,12443.7118,5.3699,.7476,1.225,0
P5,635138956691009685,tPad,Clipped,Half,0,0,15691.8976,9.2999,.3471,1.4729,0
P5,635138956834247877,tPad,Clipped,Half,0,1,12771.7305,.1131, ,1.3726,0
P5,635138956983886436,tPad,Clipped,Half,0,2,13711.7842,.1027,.1255,1.395,0
P5,635138957105433388,tPad,Clipped,Half,1,0,10234.5854, ,3.0308,1.2968,0
P5,635138957327766105,tPad,Clipped,Half,1,1,20900.1954,5.0599,.3672,1.2761,0
P5,635138957509186482,tPad,Clipped,Half,1,2,14582.8341,4.1,.3275,1.3048,0
P5,635138957655034824,tPad,Clipped,Half,2,0,12699.7264,7.7299,.5135,1.3626,0
P5,635138957829314792,tPad,Clipped,Half,2,1,15723.8994,7.62,.5909,1.2959,0
P5,635138958003794772,tPad,Clipped,Half,2,2,13743.7861,5.7599,.6435,1.2934,0
P6,"635,139,036,127,363,970.00",tPad,Clipped,Quarter,0,0,21935.2546, ,.3677,1.9467,0
P6,"635,139,036,237,369,980.00",tPad,Clipped,Quarter,0,1,9983.571,1.81,2.8626,1.4534,0
P6,"635,139,036,342,306,050.00",tPad,Clipped,Quarter,0,2,7077.4048,.1221,.4444,1.3502,0
P6,"635,139,036,437,330,940.00",tPad,Clipped,Quarter,1,0,7316.4185,7.3999,.636,1.2846,0
P6,"635,139,036,519,766,020.00",tPad,Clipped,Quarter,1,1,6115.3498,6.4699,.72,1.5938,0
P6,"635,139,036,653,283,970.00",tPad,Clipped,Quarter,1,2,11435.6541,7.2499,4.2542,1.5246,0
P6,"635,139,036,764,679,940.00",tPad,Clipped,Quarter,2,0,8779.5021,.1565,.2863,1.6309,0
P6,"635,139,036,945,440,000.00",tPad,Clipped,Quarter,2,1,15083.8627,5.43,.9348,1.3267,0
P6,"635,139,037,070,686,980.00",tPad,Clipped,Quarter,2,2,10924.6249,7.3999,1.1498,1.4952,0
P6,"635,139,038,450,025,980.00",tPad,Clipped,Half,0,0,27529.5747,6.46,2.7999,.9868,4.2799
P6,"635,139,038,553,031,940.00",tPad,Clipped,Half,0,1,8099.4633,.1516,.4801,.9546,7.6499
P6,"635,139,038,623,586,050.00",tPad,Clipped,Half,0,2,3919.2242,5.72,.1255,.9956,3.28
P6,"635,139,038,708,631,040.00",tPad,Clipped,Half,1,0,5667.3242,7.34,.255,.9677,6.9099
P6,"635,139,038,769,115,010.00",tPad,Clipped,Half,1,1,3732.2134,6.65,.1426,.984,5.53
P6,"635,139,038,837,908,990.00",tPad,Clipped,Half,1,2,4851.2775,9.9299,.6891,.9879, 
P6,"635,139,038,895,072,000.00",tPad,Clipped,Half,2,0,4096.2343,5.8,.4052,.9845,5.94
P6,"635,139,038,954,225,020.00",tPad,Clipped,Half,2,1,3991.2283,5.3999,.1097,.9745,4.6199
P6,"635,139,039,014,548,990.00",tPad,Clipped,Half,2,2,4480.2562,5.6599,.4907,.9739,3.9399
P6,"635,139,040,076,258,940.00",tPad,Clipped,ThreeQuarters,0,0,11701.6693,.1985,4.39,1.1484,0
P6,"635,139,040,118,502,020.00",tPad,Clipped,ThreeQuarters,0,1,2392.1368,.1711,1.5362,1.2567,0
P6,"635,139,040,165,745,020.00",tPad,Clipped,ThreeQuarters,0,2,4015.2297,.1482,.4551,1.3005,0
P6,"635,139,040,193,936,000.00",tPad,Clipped,ThreeQuarters,1,0,2347.1342,.1463,.7204,1.2704,0
P6,"635,139,040,221,618,050.00",tPad,Clipped,ThreeQuarters,1,1,1791.1025,.1839,.4153,.4183,.5816
P6,"635,139,040,259,660,030.00",tPad,Clipped,ThreeQuarters,1,2,7423.4246,.1638,1.0136,1.3088,0
P6,"635,139,040,346,465,020.00",tPad,Clipped,ThreeQuarters,2,0,8176.4677,4.0599,1.0823,1.2597,0
P6,"635,139,040,427,820,030.00",tPad,Clipped,ThreeQuarters,2,1,7423.4246,7.48,.2586,1.349,0
P6,"635,139,040,466,342,020.00",tPad,Clipped,ThreeQuarters,2,2,2352.1345,5.1999,1.3489,1.1724,0
P7,635139097581578257,tPad,Clipped,Quarter,0,1,11819.676,.2089,1.6094,3.999,0
P7,635139097636221383,tPad,Clipped,Quarter,0,2,3865.2211,.1589,1.1222,4.0895,0
P7,635139097745337624,tPad,Clipped,Quarter,1,0,10375.5935,.158,1.2172,3.9468,0
P7,635139097769098983,tPad,Clipped,Quarter,1,1,1832.1048,.1388,.8425,4.0242,0
P7,635139097821932005,tPad,Clipped,Quarter,1,2,4391.2512,.1635,.6663,4.0934,0
P7,635139097941178825,tPad,Clipped,Quarter,2,0,11459.6554,.1015,.255,1.4308,1.2999
P7,635139098038894414,tPad,Clipped,Quarter,2,1,9047.5174,.1623,.4239,1.6959,0
P7,635139098127969509,tPad,Clipped,Quarter,2,2,7911.4525,9.5299,1.6665,1.7639,0
P7,635139102704741286,tPad,Clipped,ThreeQuarters,0,1,7395.423,.2016,.3088,1.1727,0
P7,635139102767664885,tPad,Clipped,ThreeQuarters,0,2,4988.2854,.1391,.5182,1.5671,0
P7,635139102873940963,tPad,Clipped,ThreeQuarters,1,0,9455.5408,.1975,1.1801,1.8089,0
P7,635139103002258303,tPad,Clipped,ThreeQuarters,1,1,8207.4695,.1792,.78,1.5387,0
P7,635139103141416262,tPad,Clipped,ThreeQuarters,1,2,3295.1885,9.8599,.5091,1.3298,0
P7,635139103346818010,tPad,Clipped,ThreeQuarters,2,0,10607.6067,.1516,2.6044,1.2789,0
P7,635139103491126264,tPad,Clipped,ThreeQuarters,2,1,10242.5858,.1499,.1807,1.6901,0
P7,635139103570850824,tPad,Clipped,ThreeQuarters,2,2,5079.2905,.2136,9.37,1.2403,0
P8,635139752543883246,tPad,Clipped,Quarter,0,0,5699.326,9.7799,1.8709,3.9075,0
P8,635139752607476883,tPad,Clipped,Quarter,0,1,5583.3193,.1138,.9341,3.4866,0
P8,635139752622107720,tPad,Clipped,Quarter,0,2,694.0397,.1069,1.4795,3.9609,0
P8,635139752685401340,tPad,Clipped,Quarter,1,0,5615.3212,.1217,.5472,3.863,0
P8,635139752698322079,tPad,Clipped,Quarter,1,1,556.0318,8.59,1.9068,3.9613,0
P8,635139752768876115,tPad,Clipped,Quarter,1,2,6379.3649,.1067,1.7677,3.9331,0
P8,635139752785717078,tPad,Clipped,Quarter,2,0,887.0507,.1212,.8107,4.0761,0
P8,635139752841720281,tPad,Clipped,Quarter,2,1,4831.2763,8.5,.1646,3.8311,0
P8,635139752900443640,tPad,Clipped,Quarter,2,2,5076.2904,8.58,.4183,3.9483,0
P8,635139755532424181,tPad,Clipped,Half,0,0,37240.1301,.1602,2.0642,1.2758,2
P8,635139755640580367,tPad,Clipped,Half,0,1,9431.5395,.162,.4238,1.214,4.54
P8,635139755751696722,tPad,Clipped,Half,0,2,9603.5493,.1257, ,1.2457, 
P8,635139755815140351,tPad,Clipped,Half,1,0,5212.2981,9.18,0,1.2856,4.66
P8,635139755867263332,tPad,Clipped,Half,1,1,4260.2436,9.5,.6448,1.2431, 
P8,635139755974739480,tPad,Clipped,Half,1,2,9843.5631,.2273,.4101,1.2859,5.1299
P8,635139756063134535,tPad,Clipped,Half,2,0,7995.4573,.1696,.2187,1.3178,5.1999
P8,635139756137898812,tPad,Clipped,Half,2,1,5944.34,.1628,.1923,1.2635,4.8099
P8,635139756247175062,tPad,Clipped,Half,2,2,10131.5795,.1754,.1928,1.2848,4.9099
P8,635139758178395521,tPad,Clipped,ThreeQuarters,0,0,7838.4483, ,.2677,1.3164,0
P8,635139758287641770,tPad,Clipped,ThreeQuarters,0,1,10075.5763,5.2999,1.2231,1.4755,0
P8,635139758365556226,tPad,Clipped,ThreeQuarters,0,2,6883.3937,6.9,3.7528,1.4965,0
P8,635139758441960596,tPad,Clipped,ThreeQuarters,1,0,6875.3932, ,.2323,1.5505,0
P8,635139758482802933,tPad,Clipped,ThreeQuarters,1,1,3244.1856,.1159,.1259,1.4986,0
P8,635139758564957632,tPad,Clipped,ThreeQuarters,1,2,7387.4226,6.6699,.2702,1.5061,0
P8,635139758667673507,tPad,Clipped,ThreeQuarters,2,0,9411.5384, ,.1839,1.7345,0
P8,635139758742717799,tPad,Clipped,ThreeQuarters,2,1,6536.3739,5.7799,.5227,1.5898,0
P8,635139758820752262,tPad,Clipped,ThreeQuarters,2,2,6823.3903,.1016,.1356,1.5033,0
P9,635139903674475772,tPad,Clipped,Quarter,0,0,7469.4273,6.6,3.8584,1.8698,0
P9,635139903721218445,tPad,Clipped,Quarter,0,1,3403.1946,.1295,3.2753,1.6748,0
P9,635139903760380685,tPad,Clipped,Quarter,0,2,2572.1471,.1668,.754,2.1579,0
P9,635139903814503781,tPad,Clipped,Quarter,1,0,4000.2288,.2318,4.2126,1.9197,0
P9,635139903914659509,tPad,Clipped,Quarter,1,1,5979.342,9.76,.6702,1.5941,0
P9,635139903954861809,tPad,Clipped,Quarter,1,2,2724.1558,.1216,1.241,1.5208,0
P9,635139904052817411,tPad,Clipped,Quarter,2,0,4751.2717,.1037,2.0499,1.7051,0
P9,635139904114420935,tPad,Clipped,Quarter,2,1,4796.2743,8.11,3.0831,1.6466,0
P9,635139904204816105,tPad,Clipped,Quarter,2,2,6390.3655,6.85,6.6227,1.9226,0
P9,635139904775128725,tPad,Clipped,Half,0,0,5383.3079,6.4,1.3636,1.5831,0
P9,635139904849332970,tPad,Clipped,Half,0,1,3620.2071,5.48,5.7392,1.5022,0
P9,635139904998971528,tPad,Clipped,Half,0,2,12035.6884,.1018,2.551,1.2947,0
P9,635139905063975246,tPad,Clipped,Half,1,0,5324.3045,6.31,4.0849,1.3683,0
P9,635139905149650147,tPad,Clipped,Half,1,1,7315.4184,.2808,3.79,1.6769,0
P9,635139905222454311,tPad,Clipped,Half,1,2,5492.3142,.1034,.1602,1.6415,0
P9,635139905360492206,tPad,Clipped,Half,2,0,9615.55,.2436,1.4979,1.6312,0
P9,635139905451247397,tPad,Clipped,Half,2,1,5899.3374,7.0599,1.3025,1.6473,0
P9,635139905496569989,tPad,Clipped,Half,2,2,2936.1679,7.32,.9243,1.9532,0
P9,635139906161128000,tPad,Clipped,ThreeQuarters,0,0,8284.4738, ,1.4693,1.3589,0
P9,635139906202080342,tPad,Clipped,ThreeQuarters,0,1,2747.1571,9.47,.3826,1.4301,0
P9,635139906240802557,tPad,Clipped,ThreeQuarters,0,2,2411.1379,.1028,.3245,1.3058,0
P9,635139906333757874,tPad,Clipped,ThreeQuarters,1,0,6131.3507,.1126,1.7896,1.3864,0
P9,635139906370239960,tPad,Clipped,ThreeQuarters,1,1,2803.1603,7.4099,1.9464,1.3794,0
P9,635139906458885031,tPad,Clipped,ThreeQuarters,1,2,8300.4748,.1076,.7709,1.4033,0
P9,635139906561040874,tPad,Clipped,ThreeQuarters,2,0,7003.4006,3.5099,2.1783,1.2726,0
P9,635139906606773489,tPad,Clipped,ThreeQuarters,2,1,2889.1652,4.97, ,1.3065,0
P9,635139906677997563,tPad,Clipped,ThreeQuarters,2,2,6317.3613, ,4.25,1.2058,0
P10,635140003701679225,tPad,Clipped,Quarter,0,0,12230.6995,6.8099,3.5384,2.3329,0
P10,635140003878199322,tPad,Clipped,Quarter,0,1,14239.8145,.1368,.1617,1.8247,0
P10,635140003996876110,tPad,Clipped,Quarter,0,2,10003.5722,9.7199,1.7704,2.2745,0
P10,635140004072710447,tPad,Clipped,Quarter,1,0,4435.2537,5.2699,.9179,1.7963,0
P10,635140004208638222,tPad,Clipped,Quarter,1,1,10943.626,7.3899,2.8,1.8051,0
P10,635140004326104941,tPad,Clipped,Quarter,1,2,9741.5572,.1053,2.714,1.8192,0
P10,635140004429950880,tPad,Clipped,Quarter,2,0,8743.5001,7.4499,1.4961,2.3054,0
P10,635140004541617267,tPad,Clipped,Quarter,2,1,9702.5549,.1181,.38,1.8234,0
P10,635140004617431603,tPad,Clipped,Quarter,2,2,5975.3417,8.6499,.3398,2.3624,0
P10,635140004789551448,tPad,Clipped,Half,0,0,16257.9299,9.6199,.9377,1.5049,0
P10,635140004907748209,tPad,Clipped,Half,0,1,10443.5974,5.09,.8224,1.5986,0
P10,635140004998043373,tPad,Clipped,Half,0,2,7677.4391,.1193,.5232,1.5607,0
P10,635140005066627296,tPad,Clipped,Half,1,0,5687.3253,.1206,.4355,1.4706,0
P10,635140005133791138,tPad,Clipped,Half,1,1,5528.3163,.1102,.3867,1.5831,0
P10,635140005231066701,tPad,Clipped,Half,1,2,8491.4856,8.5099,.5996,1.5495,0
P10,635140005354383755,tPad,Clipped,Half,2,0,10803.618,8.4,.219,1.499,0
P10,635140005459629774,tPad,Clipped,Half,2,1,9240.5285,7.58,.2826,1.4548,0
P10,635140005576626466,tPad,Clipped,Half,2,2,10407.5953,6.66,2.6947,1.6413,0
P10,635140006410014133,tPad,Clipped,ThreeQuarters,0,0,3989.2281,7.4899,7.4999,1.5608,0
P10,635140006456256778,tPad,Clipped,ThreeQuarters,0,1,2603.1489,7.4899,.0019,1.5907,0
P10,635140006508469765,tPad,Clipped,ThreeQuarters,0,2,4305.2463,9.02,.5352,1.4208,0
P10,635140006613895795,tPad,Clipped,ThreeQuarters,1,0,9483.5425,8.3299,.2997,1.362,0
P10,635140006714291537,tPad,Clipped,ThreeQuarters,1,1,8307.4752,9.4799,.2919,1.4233,0
P10,635140006802056557,tPad,Clipped,ThreeQuarters,1,2,7566.4328, ,1.3188,1.4013,0
P10,635140006903252345,tPad,Clipped,ThreeQuarters,2,0,8290.4742,8.45,.2757,1.3525,0
P10,635140007013938676,tPad,Clipped,ThreeQuarters,2,1,9852.5636,6.9099,2.5399,1.399,0
P10,635140007060931364,tPad,Clipped,ThreeQuarters,2,2,3299.1887,8.4,3.3799,1.3322,0
P11,635145988741703640,tPad,Clipped,Half,0,0,24158.3818,.1249,.5731,1.6328,0
P11,635145988867780851,tPad,Clipped,Half,0,1,7755.4436,7.1999,2.0874,1.6653,0
P11,635145988957906006,tPad,Clipped,Half,0,2,7755.4436,9.0899,3.7376,1.7493,0
P11,635145989096343924,tPad,Clipped,Half,1,0,12879.7367,.126,2.0735,1.8643,0
P11,635145989280464455,tPad,Clipped,Half,1,1,17508.0014,6.3399,2.478,1.6941,0
P11,635145989351298507,tPad,Clipped,Half,1,2,6007.3436,5.46,.2214,1.8576,0
P11,635145989460304742,tPad,Clipped,Half,2,0,9844.5631,7.6799,1.1753,1.7928,0
P11,635145989562460585,tPad,Clipped,Half,2,1,9343.5345,7.4899,.3234,2.1387,0
P11,635145989665976505,tPad,Clipped,Half,2,2,9531.5451,7.34,1.2209,1.6251,0
P11,635145989805294474,tPad,Clipped,ThreeQuarters,0,0,13062.7472,.13,.5702,1.5951,0
P11,635145989850017032,tPad,Clipped,ThreeQuarters,0,1,3387.1938,7.63,1.278,1.4791,0
P11,635145989942972349,tPad,Clipped,ThreeQuarters,0,2,8455.4837,.1229,1.8988,1.8622,0
P11,635145990047138306,tPad,Clipped,ThreeQuarters,1,0,9359.5353,5.4399,.3644,1.5949,0
P11,635145990136773433,tPad,Clipped,ThreeQuarters,1,1,8231.4708,2.5899,1.4032,1.4892,0
P11,635145990209257579,tPad,Clipped,ThreeQuarters,1,2,6260.3581,5.68,1.2042,1.5818,0
P11,635145990283811843,tPad,Clipped,ThreeQuarters,2,0,6539.374,0,2.1676,1.5601,0
P11,635145990387407769,tPad,Clipped,ThreeQuarters,2,1,9338.5342,.1118,1.9366,1.6928,0
P11,635145990438820709,tPad,Clipped,ThreeQuarters,2,2,4552.2603,.1092,2.2509,1.8429,0
P11,635145990556777456,tPad,Clipped,Quarter,0,0,10683.611, ,.2079,2.7902,0
P11,635145990639652196,tPad,Clipped,Quarter,0,1,7463.4268,7.33,3.5552,3.1644,0
P11,635145990759729064,tPad,Clipped,Quarter,0,2,9855.5637,.1854,3.9125,2.7431,0
P11,635145990887136352,tPad,Clipped,Quarter,1,0,11828.6766,8.53,2.575,2.0222,0
P11,635145991017813826,tPad,Clipped,Quarter,1,1,12375.7079,.1005,4.3327,2.1034,0
P11,635145991096888349,tPad,Clipped,Quarter,1,2,5847.3345,.1028,2.0539,2.3003,0
P11,635145991181893211,tPad,Clipped,Quarter,2,0,7320.4187,8.5699,2.2557,2.2652,0
P11,635145991267908131,tPad,Clipped,Quarter,2,1,7921.4531,.1107,2.7749,2.1004,0
P11,635145991326651490,tPad,Clipped,Quarter,2,2,5176.296,.2117,3.6798,2.3081,0
P12,635146793326151741,tPad,Clipped,ThreeQuarters,0,0,5090.2911,0,.4581,1.216,0
P12,635146793487500970,tPad,Clipped,ThreeQuarters,0,1,12134.6941,3.8899,.8312,1.2036,0
P12,635146793626218904,tPad,Clipped,ThreeQuarters,0,2,9163.5241, ,.5344,1.331,0
P12,635146793771307203,tPad,Clipped,ThreeQuarters,1,0,7968.4558,6.6199,1.3975,1.3444,0
P12,635146793882943588,tPad,Clipped,ThreeQuarters,1,1,5828.3333,0,.8304,1.3883,0
P12,635146794090615466,tPad,Clipped,ThreeQuarters,1,2,10287.5884,3.66,.3987,1.3892,0
P12,635146794172220134,tPad,Clipped,ThreeQuarters,2,0,5215.2983,4.8899,.4299,1.4435,0
P12,635146794222943035,tPad,Clipped,ThreeQuarters,2,1,3562.2037,3.3,.715,1.2588,0
P12,635146794289856862,tPad,Clipped,ThreeQuarters,2,2,3855.2205,.023,6.8599,1.1971,0
P12,635146804147350679,tPad,Clipped,Half,0,1,6679.3821,0,.1318,1.764,0
P12,635146804242866142,tPad,Clipped,Half,0,2,4735.2709,5.6899,.6361,1.4525,0
P12,635146804296069185,tPad,Clipped,Half,1,0,2764.1581,2.5999,.2432,1.3778,0
P12,635146804402945298,tPad,Clipped,Half,1,1,6711.3839,4.0399,.2771,1.3088,0
P12,635146804469159085,tPad,Clipped,Half,1,2,4993.2856, ,.7966,1.3233,0
P12,635146804601026627,tPad,Clipped,Half,2,0,9599.549,0,.2514,1.6509,0
P12,635146804708632782,tPad,Clipped,Half,2,1,6740.3855,5.12,.317,1.3733,0
P12,635146804739944573,tPad,Clipped,Half,2,2,2003.1146,2.57,.4733,1.6056,0
P12,635146806234050031,tPad,Clipped,Quarter,0,0,31986.8295, ,.6166,3.9754,0
P12,635146806299853795,tPad,Clipped,Quarter,0,1,2348.1343,5.68,.9906,3.9523,0
P12,635146806375688132,tPad,Clipped,Quarter,0,2,3523.2015,6.41,.7569,3.9237,0
P12,635146806442011926,tPad,Clipped,Quarter,1,0,2443.1398,2.4899,1.2411,3.8757,0
P12,635146806539127480,tPad,Clipped,Quarter,1,1,5766.3298,2.44,1.3653,3.9457,0
P12,635146806599010906,tPad,Clipped,Quarter,1,2,2652.1517, ,1.5407,3.9373,0
P12,635146806700366703,tPad,Clipped,Quarter,2,0,4851.2775, ,1.1378,3.9912,0
P12,635146806765530430,tPad,Clipped,Quarter,2,1,2828.1618,1.75,.5144,4.0735,0
P12,635146806832214244,tPad,Clipped,Quarter,2,2,3028.1732,3.98,.6133,3.9628,0
P1,635134665921125884,tPad,Normal,Quarter,0,0,10967.6273,.0654,1.9599,0,0
P1,635134666128887768,tPad,Normal,Quarter,0,1,11091.6344,.0916,1.1782,0,0
P1,635134666332439410,tPad,Normal,Quarter,0,2,11667.6673,.0916,1.0828,0,0
P1,635134666608165181,tPad,Normal,Quarter,1,0,14763.8445,.4283,1.884,0,0
P1,635134666793115759,tPad,Normal,Quarter,1,1,11500.6578,.1445,1.9297,0,0
P1,635134666964875583,tPad,Normal,Quarter,1,2,9035.5168,.0925,.7315,0,0
P1,635134667146996000,tPad,Normal,Quarter,2,0,12227.6994,.1772,1.884,0,0
P1,635134667316775711,tPad,Normal,Quarter,2,1,8249.4718,.195,3.1108,0,0
P1,635134667466194257,tPad,Normal,Quarter,2,2,10607.6067,.1057,1.0082,0,0
P1,635134667952472071,tPad,Normal,ThreeQuarters,0,0,32146.8387,.136,.0733,0,0
P1,635134668093830156,tPad,Normal,ThreeQuarters,0,1,7323.4189,.1468,.7515,0,0
P1,635134668494073049,tPad,Normal,ThreeQuarters,0,2,7863.4498,.0922,1.9478,0,0
P1,635134668689904249,tPad,Normal,ThreeQuarters,1,0,6235.3566,.132,1.0167,0,0
P1,635134668823421886,tPad,Normal,ThreeQuarters,1,1,6787.3882,.1618,.3255,0,0
P1,635134668952789286,tPad,Normal,ThreeQuarters,1,2,7928.4535,.1321,.722,0,0
P1,635134669079386527,tPad,Normal,ThreeQuarters,2,0,6859.3924,.1561,.2186,0,0
P1,635134669209983996,tPad,Normal,ThreeQuarters,2,1,7444.4258,.1712,.3342,0,0
P1,635134669337341281,tPad,Normal,ThreeQuarters,2,2,5871.3358,.13,.4989,0,0
P1,635134669649179117,tPad,Normal,Half,0,0,8807.5038,.1335,1.2348,0,0
P1,635134669863851395,tPad,Normal,Half,0,1,6763.3868,.0756,1.0424,0,0
P1,635134670002619332,tPad,Normal,Half,0,2,9807.5609,.2343,.0189,0,0
P1,635134670123506247,tPad,Normal,Half,1,0,6806.3893,.1055,1.2934,0,0
P1,635134670253253668,tPad,Normal,Half,1,1,7841.4485,.1065,.5792,0,0
P1,635134670392811650,tPad,Normal,Half,1,2,8271.4731,.0821,1.3329,0,0
P1,635134670507658219,tPad,Normal,Half,2,0,6648.3803,.2496,.4083,0,0
P1,635134670628975158,tPad,Normal,Half,2,1,5831.3335,.1741,.6082,0,0
P1,635134670737971392,tPad,Normal,Half,2,2,5987.3424,.0922,1.1828,0,0
P2,635135622611465942,tPad,Normal,Quarter,0,0,4647.2658,.0208,.5228,0,0
P2,635135622670749333,tPad,Normal,Quarter,0,1,3129.179,.0603,1.2252,0,0
P2,635135622743463492,tPad,Normal,Quarter,0,2,4719.27,.0464,1.1814,0,0
P2,635135622801026784,tPad,Normal,Quarter,1,0,3611.2065,.0394,.6522,0,0
P2,635135622867630594,tPad,Normal,Quarter,1,1,4936.2824,.0702,2.6685,0,0
P2,635135622940034735,tPad,Normal,Quarter,1,2,5128.2933,.0275,.6597,0,0
P2,635135623007388587,tPad,Normal,Quarter,2,0,4735.2708,.0275,1.9824,0,0
P2,635135623068512083,tPad,Normal,Quarter,2,1,4696.2686,.0384,1.1367,0,0
P2,635135623149866737,tPad,Normal,Quarter,2,2,4495.2572,.0444,1.1694,0,0
P2,635135623257742907,tPad,Normal,ThreeQuarters,0,0,7323.4189,.0842,.4044,0,0
P2,635135623333067215,tPad,Normal,ThreeQuarters,0,1,5151.2946,.0187,.2196,0,0
P2,635135623423022360,tPad,Normal,ThreeQuarters,0,2,5871.3358,.0265,.6181,0,0
P2,635135623519347870,tPad,Normal,ThreeQuarters,1,0,5279.302,.0414,.5585,0,0
P2,635135623598822415,tPad,Normal,ThreeQuarters,1,1,4491.2568,.0368,1.7822,0,0
P2,635135623666306275,tPad,Normal,ThreeQuarters,1,2,4200.2402,.0413,.894,0,0
P2,635135623719659327,tPad,Normal,ThreeQuarters,2,0,3355.1919,.0258,.377,0,0
P2,635135623774072439,tPad,Normal,ThreeQuarters,2,1,3168.1812,.0407,.999,0,0
P2,635135623825665390,tPad,Normal,ThreeQuarters,2,2,3008.1721,.0519,.0313,0,0
P2,635135623926301146,tPad,Normal,Half,0,0,3935.2251,.0415,.163,0,0
P2,635135623987144626,tPad,Normal,Half,0,1,3384.1936,.0412,.3223,0,0
P2,635135624082220064,tPad,Normal,Half,0,2,5467.3127,.0767,1.6116,0,0
P2,635135624152424080,tPad,Normal,Half,1,0,3496.2,.0187,1.2766,0,0
P2,635135624207577234,tPad,Normal,Half,1,1,3723.2129,.0263,1.715,0,0
P2,635135624297422373,tPad,Normal,Half,1,2,4902.2804,.0412,.5516,0,0
P2,635135624366626331,tPad,Normal,Half,2,0,4264.2439,.041,.0851,0,0
P2,635135624444740799,tPad,Normal,Half,2,1,4712.2695,.058,.168,0,0
P2,635135624520855153,tPad,Normal,Half,2,2,3715.2125,.037,.429,0,0
P3,635135718137559816,tPad,Normal,Quarter,0,0,11762.6728,.1114,1.923,0,0
P3,635135718257036650,tPad,Normal,Quarter,0,1,5903.3377,.0654,.4554,0,0
P3,635135718378273584,tPad,Normal,Quarter,0,2,8923.5104,.0402,1.5925,0,0
P3,635135718479959400,tPad,Normal,Quarter,1,0,4864.2782,.0356,.8961,0,0
P3,635135718592235822,tPad,Normal,Quarter,1,1,6603.3777,.0406,.3942,0,0
P3,635135718684511100,tPad,Normal,Quarter,1,2,5203.2976,.0635,.3611,0,0
P3,635135718822959018,tPad,Normal,Quarter,2,0,7244.4143,.0755,1.5949,0,0
P3,635135718926834960,tPad,Normal,Quarter,2,1,4399.2516,.0647,.5221,0,0
P3,635135719029310821,tPad,Normal,Quarter,2,2,6703.3834,.0557,1.7156,0,0
P3,635135720418870299,tPad,Normal,Half,0,0,4997.2858,.0812,.4103,0,0
P3,635135720504425193,tPad,Normal,Half,0,1,4471.2558,.04,1.3705,0,0
P3,635135720608191128,tPad,Normal,Half,0,2,6480.3707,.0909,.8095,0,0
P3,635135720701066440,tPad,Normal,Half,1,0,5520.3157,.0566,.6398,0,0
P3,635135720790861576,tPad,Normal,Half,1,1,4991.2855,.0956,.8677,0,0
P3,635135720869736087,tPad,Normal,Half,1,2,4123.2358,.0353,.9395,0,0
P3,635135720947780551,tPad,Normal,Half,2,0,4763.2724,.0399,.2215,0,0
P3,635135721023624889,tPad,Normal,Half,2,1,4344.2484,.0739,.9899,0,0
P3,635135721102739414,tPad,Normal,Half,2,2,4391.2511,.0756,1.5414,0,0
P3,635135722491648856,tPad,Normal,ThreeQuarters,0,0,4139.2368,.0565,.1233,0,0
P3,635135722572933505,tPad,Normal,ThreeQuarters,0,1,4520.2586,.073,.1029,0,0
P3,635135722696570576,tPad,Normal,ThreeQuarters,0,2,4479.2562,.0905,.8577,0,0
P3,635135722779405314,tPad,Normal,ThreeQuarters,1,0,4261.2437,.0732,.565,0,0
P3,635135722872250625,tPad,Normal,ThreeQuarters,1,1,6520.373,.0962,.77,0,0
P3,635135722958285546,tPad,Normal,ThreeQuarters,1,2,4847.2773,.0799,.3168,0,0
P3,635135723062401501,tPad,Normal,ThreeQuarters,2,0,6499.3718,.1126,1.2275,0,0
P3,635135723172247784,tPad,Normal,ThreeQuarters,2,1,7099.4061,.0642,1.0718,0,0
P3,635135723251122295,tPad,Normal,ThreeQuarters,2,2,4298.2459,.0558,.6305,0,0
P4,635138264197913574,tPad,Normal,Quarter,0,0,15561.8901,3.9199,1.68,0,0
P4,635138264401805236,tPad,Normal,Quarter,0,1,6535.3738,8.98,.4554,0,0
P4,635138264483209892,tPad,Normal,Quarter,0,2,3576.2045,9.07,.6188,0,0
P4,635138264536882962,tPad,Normal,Quarter,1,0,3579.2047,9.2399,1.1572,0,0
P4,635138264615437455,tPad,Normal,Quarter,1,1,4390.2511,.1103,1.0501,0,0
P4,635138264709482834,tPad,Normal,Quarter,1,2,5955.3406,.1293,4.5904,0,0
P4,635138264801968124,tPad,Normal,Quarter,2,0,5164.2954,.1036,3.0394,0,0
P4,635138264871402096,tPad,Normal,Quarter,2,1,4963.2839,9.8599,.5887,0,0
P4,635138264938405928,tPad,Normal,Quarter,2,2,4396.2515,6.4799,2.1745,0,0
P4,635138266510715859,tPad,Normal,Half,0,0,5984.3423,.1109,.8218,0,0
P4,635138266590870444,tPad,Normal,Half,0,1,5431.3107,8.05,1.7269,0,0
P4,635138266657474253,tPad,Normal,Half,0,2,4310.2465,.1132,1.2332,0,0
P4,635138266746749359,tPad,Normal,Half,1,0,6445.3686,5.0799,.9404,0,0
P4,635138266804512663,tPad,Normal,Half,1,1,4473.2558, ,.808,0,0
P4,635138266877706850,tPad,Normal,Half,1,2,5715.3269,7.23,.8001,0,0
P4,635138266943110590,tPad,Normal,Half,2,0,4056.232,5.63,2.2926,0,0
P4,635138267019144939,tPad,Normal,Half,2,1,6036.3452,6.4799,1.643,0,0
P4,635138267079628399,tPad,Normal,Half,2,2,3935.2251,6.5199, ,0,0
P4,635138268682260064,tPad,Normal,ThreeQuarters,0,0,3644.2084,.127,.4613,0,0
P4,635138268763174692,tPad,Normal,ThreeQuarters,0,1,3635.2079, ,1.089,0,0
P4,635138268811857477,tPad,Normal,ThreeQuarters,0,2,3594.2056,.1368,5.12,0,0
P4,635138268887771819,tPad,Normal,ThreeQuarters,1,0,3615.2068,.115,.1517,0,0
P4,635138268974416775,tPad,Normal,ThreeQuarters,1,1,4380.2506,.1514,2.0722,0,0
P4,635138269053031271,tPad,Normal,ThreeQuarters,1,2,5509.3151,.1134,2.1501,0,0
P4,635138269104974242,tPad,Normal,ThreeQuarters,2,0,3164.181,5.0299,.6455,0,0
P4,635138269153257004,tPad,Normal,ThreeQuarters,2,1,3620.2071,9.0499,.7087,0,0
P4,635138269215330554,tPad,Normal,ThreeQuarters,2,2,3871.2214,6.4,1.3285,0,0
P5,635138945383762947,tPad,Normal,Quarter,0,1,8063.4612,.1026,1.7366,0,0
P5,635138945599885309,tPad,Normal,Quarter,0,2,18816.0763,7.0199,2.67,0,0
P5,635138945736483122,tPad,Normal,Quarter,1,0,10347.5919,.1376,.1744,0,0
P5,635138945818877834,tPad,Normal,Quarter,1,1,5123.293,8.6199,1.3774,0,0
P5,635138945945565080,tPad,Normal,Quarter,1,2,9692.5543,9.8299,.3619,0,0
P5,635138946072042314,tPad,Normal,Quarter,2,0,9307.5323,9.4399,1.3204,0,0
P5,635138946195599382,tPad,Normal,Quarter,2,1,9251.5292,8.1699,2.2839,0,0
P5,635138946323476696,tPad,Normal,Quarter,2,2,10107.5782,6.09,.6074,0,0
P6,"635,139,029,305,693,060.00",tPad,Normal,Quarter,0,2,4067.2327,5.6599,.389,0,0
P6,"635,139,029,458,051,970.00",tPad,Normal,Quarter,1,1,5883.3365,7.7799,.785,0,0
P6,"635,139,029,651,492,990.00",tPad,Normal,Quarter,2,0,4967.2841,9.84,1.1966,0,0
P6,"635,139,031,948,354,940.00",tPad,Normal,Half,0,0,32218.8428, ,1.7029,0,0
P6,"635,139,032,020,078,980.00",tPad,Normal,Half,0,1,5659.3237,7.7799,6.6799,0,0
P6,"635,139,032,090,242,940.00",tPad,Normal,Half,0,2,4224.2416, ,.504,0,0
P6,"635,139,032,151,756,030.00",tPad,Normal,Half,1,0,4015.2297,9.0399,.45,0,0
P6,"635,139,032,258,112,000.00",tPad,Normal,Half,1,1,7498.4289,9.31,.8542,0,0
P6,"635,139,032,346,786,940.00",tPad,Normal,Half,1,2,5611.3209,5.72,1.7353,0,0
P6,"635,139,032,420,992,000.00",tPad,Normal,Half,2,0,4951.2832, ,.7514,0,0
P6,"635,139,032,493,875,970.00",tPad,Normal,Half,2,1,4695.2685,5.6599,.7916,0,0
P6,"635,139,032,547,838,980.00",tPad,Normal,Half,2,2,3588.2053,4.08,1.1741,0,0
P6,"635,139,034,490,019,970.00",tPad,Normal,ThreeQuarters,0,0,25679.4688,.1092,.1338,0,0
P6,"635,139,034,582,155,010.00",tPad,Normal,ThreeQuarters,0,1,5233.2993,5.12,.6349,0,0
P6,"635,139,034,632,358,020.00",tPad,Normal,ThreeQuarters,0,2,3309.1892,.1082,1.7237,0,0
P6,"635,139,034,678,141,060.00",tPad,Normal,ThreeQuarters,1,0,3032.1734, ,9.2799,0,0
P6,"635,139,034,724,772,990.00",tPad,Normal,ThreeQuarters,1,1,3035.1736,5.43,.1182,0,0
P6,"635,139,034,777,296,000.00",tPad,Normal,ThreeQuarters,1,2,3375.193,7.43,1.4634,0,0
P6,"635,139,034,821,298,940.00",tPad,Normal,ThreeQuarters,2,0,2928.1675,3.64,.951,0,0
P6,"635,139,034,869,702,020.00",tPad,Normal,ThreeQuarters,2,1,2916.1668, ,2.5177,0,0
P6,"635,139,034,927,655,040.00",tPad,Normal,ThreeQuarters,2,2,4131.2363,9.0399,.432,0,0
P7,635139090949878946,tPad,Normal,Quarter,0,0,32011.831,.1104,1.8797,0,0
P7,635139091109668085,tPad,Normal,Quarter,0,1,12971.7419,9.89,2.0792,0,0
P7,635139091218904333,tPad,Normal,Quarter,0,2,6551.3747,7.52,.9669,0,0
P7,635139091294018630,tPad,Normal,Quarter,1,0,6639.3798,8.8099,.1862,0,0
P7,635139091377823423,tPad,Normal,Quarter,1,1,7443.4257,1.76,1.1545,0,0
P7,635139091415465576,tPad,Normal,Quarter,1,2,2864.1638,6.2899,.5769,0,0
P7,635139091485779598,tPad,Normal,Quarter,2,0,6127.3505,7.13,1.1532,0,0
P7,635139091530022128,tPad,Normal,Quarter,2,1,3667.2097,.039,.6427,0,0
P7,635139091586265345,tPad,Normal,Quarter,2,2,4928.2819,3.86,.5603,0,0
P7,635139091682780866,tPad,Normal,Half,0,0,8979.5136,.1039,1.9744,0,0
P7,635139091706382215,tPad,Normal,Half,0,1,1508.0862,.1249,2.7058,0,0
P7,635139091757775155,tPad,Normal,Half,0,2,4159.2379,.1976,.1358,0,0
P7,635139091806697953,tPad,Normal,Half,1,0,4355.2491,.1607,1.4857,0,0
P7,635139091923214618,tPad,Normal,Half,1,1,11131.6367,.1375,1.8347,0,0
P7,635139091987098271,tPad,Normal,Half,1,2,5671.3243,.1274,.7448,0,0
P7,635139092011299656,tPad,Normal,Half,2,0,1892.1082,.1031,1.233,0,0
P7,635139092028470638,tPad,Normal,Half,2,1,1257.0719,.1087,2.0825,0,0
P7,635139092075333318,tPad,Normal,Half,2,2,4171.2386,.1232,.6334,0,0
P8,635139750676216421,tPad,Normal,Half,0,2,9195.5259,.1102,1.2189,0,0
P8,635139750869657486,tPad,Normal,Half,1,2,5435.3109,7.4399,.779,0,0
P8,635139751126452173,tPad,Normal,Half,2,1,17115.9789,.1564,2.2774,0,0
P8,635139751382726831,tPad,Normal,Half,2,2,24107.3788,.1024,1.307,0,0
P8,635139751593808905,tPad,Normal,ThreeQuarters,0,1,5252.3005,.3027,.9184,0,0
P8,635139751615330136,tPad,Normal,ThreeQuarters,0,2,1244.0712,.433,.5917,0,0
P8,635139751677853712,tPad,Normal,ThreeQuarters,1,0,5420.3101,.185,.9623,0,0
P8,635139751697844855,tPad,Normal,ThreeQuarters,1,1,1282.0733,.2891,.6734,0,0
P8,635139751750047841,tPad,Normal,ThreeQuarters,1,2,3340.1911,.1312,.3587,0,0
P8,635139751832602563,tPad,Normal,ThreeQuarters,2,0,6015.3441,.3432,.4022,0,0
P8,635139751900046420,tPad,Normal,ThreeQuarters,2,1,5644.3228,.2979,3.5448,0,0
P8,635139751924977846,tPad,Normal,ThreeQuarters,2,2,1794.1026,.2767,2.5712,0,0
P8,635139752042884590,tPad,Normal,Quarter,0,0,11117.6359,.1138,.3141,0,0
P8,635139752067045972,tPad,Normal,Quarter,0,1,1248.0714,.1167,1.8426,0,0
P8,635139752134159811,tPad,Normal,Quarter,0,2,5851.3347,8.4699,.9615,0,0
P8,635139752209684131,tPad,Normal,Quarter,1,0,6675.3818,9.51,1.4672,0,0
P8,635139752274017810,tPad,Normal,Quarter,1,1,5621.3215,.1031,3.0766,0,0
P8,635139752334401264,tPad,Normal,Quarter,1,2,5371.3072,.1637,.8901,0,0
P8,635139752350482184,tPad,Normal,Quarter,2,0,739.0423,7.43,0,0,0
P8,635139752423006332,tPad,Normal,Quarter,2,1,6484.3709,.1071,3.7734,0,0
P8,635139752478839525,tPad,Normal,Quarter,2,2,4787.2738,.1303,2.1642,0,0
P9,635139902723631386,tPad,Normal,ThreeQuarters,0,0,3119.1784,.1837,.7006,0,0
P9,635139903049350016,tPad,Normal,ThreeQuarters,0,1,4440.2539,5.85,1.4401,0,0
P9,635139903128624551,tPad,Normal,ThreeQuarters,0,2,4365.2497,3.6999,.4718,0,0
P9,635139903199988632,tPad,Normal,ThreeQuarters,1,0,888.0507,5.85,.7287,0,0
P9,635139903277463064,tPad,Normal,ThreeQuarters,1,1,788.0451,6.6299,.9361,0,0
P9,635139903371028415,tPad,Normal,ThreeQuarters,1,2,2260.1292,7.5499,2.45,0,0
P9,635139903434052020,tPad,Normal,ThreeQuarters,2,0,4866.2783,.1237,.9791,0,0
P9,635139903478064538,tPad,Normal,ThreeQuarters,2,1,3208.1835,1.82,4.7465,0,0
P9,635139903525297239,tPad,Normal,ThreeQuarters,2,2,3991.2283,8.35,3.0009,0,0
P9,635139904275180130,tPad,Normal,Half,0,0,4443.2541,.2725,2.7071,0,0
P9,635139904434709254,tPad,Normal,Half,0,1,3281.1876,7.14,3.7427,0,0
P9,635139904490892468,tPad,Normal,Half,0,2,4307.2464,.1491,.7437,0,0
P9,635139904519694115,tPad,Normal,Half,1,0,1643.0939,.1491,1.59,0,0
P9,635139904569496964,tPad,Normal,Half,1,1,3729.2133,4.97,1.9104,0,0
P9,635139904590858186,tPad,Normal,Half,1,2,712.0408,5.1999,.1158,0,0
P9,635139904603698920,tPad,Normal,Half,2,0,712.0407,5.1799,1.6137,0,0
P9,635139904625850187,tPad,Normal,Half,2,1,1575.0901,0,.2767,0,0
P9,635139904708494914,tPad,Normal,Half,2,2,2992.1711,8.6699,1.6193,0,0
P9,635139905635487935,tPad,Normal,Quarter,0,0,2696.1542,.1527,.8992,0,0
P9,635139905667489765,tPad,Normal,Quarter,0,1,2516.1439,.1222,1.0928,0,0
P9,635139905704861903,tPad,Normal,Quarter,0,2,3169.1813,5.24,.1436,0,0
P9,635139905766685439,tPad,Normal,Quarter,1,0,3882.222,.1595,.9253,0,0
P9,635139905835039349,tPad,Normal,Quarter,1,1,3139.1796,.1431,.1535,0,0
P9,635139905860890827,tPad,Normal,Quarter,1,2,1256.0718,.1328,.7135,0,0
P9,635139905915163932,tPad,Normal,Quarter,2,0,4139.2368,.1139,1.5091,0,0
P9,635139905966606874,tPad,Normal,Quarter,2,1,3792.2169,3.9399,.1504,0,0
P9,635139906020529958,tPad,Normal,Quarter,2,2,3620.207,7.8799,.4802,0,0
P10,635140005748756312,tPad,Normal,ThreeQuarters,0,0,15572.8908,6.55,2.0392,0,0
P10,635140005850742145,tPad,Normal,ThreeQuarters,0,1,6427.3676,7.0199,.1539,0,0
P10,635140005938987192,tPad,Normal,ThreeQuarters,0,2,4904.2805,7.4499,1.2007,0,0
P10,635140006011061314,tPad,Normal,ThreeQuarters,1,0,4742.2712,4.9799,.6006,0,0
P10,635140006044903250,tPad,Normal,ThreeQuarters,1,1,2084.1192,6.84,.532,0,0
P10,635140006135098409,tPad,Normal,ThreeQuarters,1,2,6491.3713,.1293,.3659,0,0
P10,635140006215943033,tPad,Normal,ThreeQuarters,2,0,7028.402,5.24,.198,0,0
P10,635140006236394203,tPad,Normal,ThreeQuarters,2,1,957.0548,3.76,.8306,0,0
P10,635140006359761259,tPad,Normal,ThreeQuarters,2,2,11625.665,7.5399,1.0932,0,0
P10,635140007237411458,tPad,Normal,Half,0,0,2695.1542,9.0899,.2164,0,0
P10,635140007265293052,tPad,Normal,Half,0,1,1715.0981,6.11,.7976,0,0
P10,635140007356008241,tPad,Normal,Half,0,2,5731.3278,8.6599,2.1575,0,0
P10,635140007448853552,tPad,Normal,Half,1,0,8387.4798,3.3599,1.05,0,0
P10,635140007513687260,tPad,Normal,Half,1,1,5403.3091,7.1599,.2533,0,0
P10,635140007532168317,tPad,Normal,Half,1,2,782.0447,7.48,.8328,0,0
P10,635140007601292271,tPad,Normal,Half,2,0,6087.3482,9.0899,.7285,0,0
P10,635140007668286102,tPad,Normal,Half,2,1,5767.3298,.129,1.8766,0,0
P10,635140007743210388,tPad,Normal,Half,2,2,6059.3466, ,.9254,0,0
P10,635140009724233696,tPad,Normal,Quarter,0,0,6231.3564, ,1.6558,0,0
P10,635140009789437425,tPad,Normal,Quarter,0,1,4073.233,7.6899,1.093,0,0
P10,635140009834229987,tPad,Normal,Quarter,0,2,879.0503,.1078,2.0853,0,0
P10,635140009859231417,tPad,Normal,Quarter,1,0,1083.0619,7.6899,.6905,0,0
P10,635140009928435375,tPad,Normal,Quarter,1,1,2356.1347, ,1.478,0,0
P10,635140010000389491,tPad,Normal,Quarter,1,2,3399.1944, ,2.523,0,0
P10,635140010068193369,tPad,Normal,Quarter,2,0,2681.1533,7.48,1.4263,0,0
P10,635140010147347897,tPad,Normal,Quarter,2,1,3679.2105,3.59,.2232,0,0
P10,635140010396512148,tPad,Normal,Quarter,2,2,8727.4992,5.68,.3174,0,0
P11,635145993768071132,tPad,Normal,ThreeQuarters,0,1,8571.4903,.1463,.4439,0,0
P11,635145993839565221,tPad,Normal,ThreeQuarters,0,2,6165.3526,.1814,.5846,0,0
P11,635145993894148343,tPad,Normal,ThreeQuarters,1,0,4719.2699,.1107,1.2777,0,0
P11,635145993938750894,tPad,Normal,ThreeQuarters,1,1,3552.2032,.1148,1.4715,0,0
P11,635145994010264984,tPad,Normal,ThreeQuarters,1,2,6183.3536,.1283,1.0416,0,0
P11,635145994085829306,tPad,Normal,ThreeQuarters,2,0,6859.3923, ,.6564,0,0
P11,635145994167503978,tPad,Normal,ThreeQuarters,2,1,7315.4184,5.43,.5891,0,0
P11,635145994251908806,tPad,Normal,ThreeQuarters,2,2,7647.4374,7.62,.8679,0,0
P11,635145995739173872,tPad,Normal,Half,0,0,39370.2518,.1116,.6985,0,0
P11,635145995827658933,tPad,Normal,Half,0,1,8160.4667,.131,6.3299,0,0
P11,635145995919174168,tPad,Normal,Half,0,2,8383.4795, ,.1237,0,0
P11,635145995999058737,tPad,Normal,Half,1,0,7280.4164, ,4.4499,0,0
P11,635145996084193606,tPad,Normal,Half,1,1,7649.4375,2.7713,.7284,0,0
P11,635145996164618206,tPad,Normal,Half,1,2,6960.3981,.1651,9.21,0,0
P11,635145996201490315,tPad,Normal,Half,2,0,2749.1572,.131,.9508,0,0
P11,635145996227251789,tPad,Normal,Half,2,1,1868.1069,.1552,2.4504,0,0
P11,635145996353008982,tPad,Normal,Half,2,2,7649.4375,.1045,1.035,0,0
P11,635145997943639961,tPad,Normal,Quarter,0,0,39699.2707,.1448,.3965,0,0
P11,635145997971721567,tPad,Normal,Quarter,0,1,2016.1153,.161,1.6273,0,0
P11,635145997992102732,tPad,Normal,Quarter,0,2,1394.0797,.1625,.7848,0,0
P11,635145998018124221,tPad,Normal,Quarter,1,0,2028.116,.1638,.9438,0,0
P11,635145998083197943,tPad,Normal,Quarter,1,1,5943.34,.1983,.3982,0,0
P11,635145998147521622,tPad,Normal,Quarter,1,2,5856.335,.1754,.1589,0,0
P11,635145998206194978,tPad,Normal,Quarter,2,0,5163.2953,.1648,1.6686,0,0
P11,635145998279919195,tPad,Normal,Quarter,2,1,6731.3851,.1217,1.4767,0,0
P11,635145998301040403,tPad,Normal,Quarter,2,2,1484.0849,8.98,.3926,0,0
P12,635146809252712689,tPad,Normal,Half,0,0,11595.6633,9.3799, ,0,0
P12,635146809340267697,tPad,Normal,Half,0,1,3203.1833,0,.4827,0,0
P12,635146809436393195,tPad,Normal,Half,0,2,2032.1163,3.3799,4.5343,0,0
P12,635146809563710477,tPad,Normal,Half,1,0,3216.184, ,1.0649,0,0
P12,635146809654185652,tPad,Normal,Half,1,1,3503.2004,3.7199,.4815,0,0
P12,635146809734150225,tPad,Normal,Half,1,2,2380.1361,7.0999,.5487,0,0
P12,635146809763831923,tPad,Normal,Half,2,0,1520.0869, ,.2691,0,0
P12,635146809828145602,tPad,Normal,Half,2,1,2359.135,1.6799,.9779,0,0
P12,635146809893989368,tPad,Normal,Half,2,2,2337.1337,4.6699,.952,0,0
P12,635146811445738123,tPad,Normal,Quarter,0,0,20780.1886,1.7,1.4674,0,0
P12,635146811502171350,tPad,Normal,Quarter,0,1,2547.1457,2.38,.7013,0,0
P12,635146811585936141,tPad,Normal,Quarter,0,2,3680.2105, ,.8292,0,0
P12,635146811662850541,tPad,Normal,Quarter,1,0,3283.1878,5.4199,3.1351,0,0
P12,635146811740614989,tPad,Normal,Quarter,1,1,2499.143,2.3599,2.6537,0,0
P12,635146811764696366,tPad,Normal,Quarter,1,2,1156.0661,0,.7176,0,0
P12,635146811845050962,tPad,Normal,Quarter,2,0,4947.283, ,2.5448,0,0
P12,635146811924135485,tPad,Normal,Quarter,2,1,3216.1839,3.33,.4832,0,0
P12,635146812005530141,tPad,Normal,Quarter,2,2,3831.2192, ,1.3281,0,0
